[
  {
    "name": "Echinacea Quartz Gum Support",
    "price": 570.08,
    "seller": "Mitchell"
  },
  {
    "name": "Pleo Ginkgo",
    "price": 613.65,
    "seller": "Christine Gomez"
  },
  {
    "name": "Amitiza",
    "price": 666.58,
    "seller": "Billy Parker"
  },
  {
    "name": "Acnezzol Base",
    "price": 710.60,
    "seller": "Doris Cook"
  },
  {
    "name": "ESIKA",
    "price": 879.37,
    "seller": "Carl Lawson"
  },
  {
    "name": "Levothyroxine Sodium",
    "price": 885.86,
    "seller": "Arthur Reynolds"
  },
  {
    "name": "Retin-A MICRO",
    "price": 995.98,
    "seller": "Jennifer Riley"
  }
]