<?xml version="1.0" encoding="utf-8"?>
<cars>
  <car>
    <make>Opel</make>
    <model>Omega</model>
    <travelled-distance>2147483647</travelled-distance>
  </car>
  <car>
    <make>Opel</make>
    <model>Astra</model>
    <travelled-distance>9223372036854775807</travelled-distance>
  </car>
  <car>
    <make>Opel</make>
    <model>Astra</model>
    <travelled-distance>922337203685807</travelled-distance>
  </car>
  <car>
    <make>Opel</make>
    <model>Corsa</model>
    <travelled-distance>214747</travelled-distance>
  </car>
  <car>
    <make>Opel</make>
    <model>Kadet</model>
    <travelled-distance>21474847</travelled-distance>
  </car>
  <car>
    <make>Opel</make>
    <model>Vectra</model>
    <travelled-distance>9223372854775807</travelled-distance>
  </car>
  <car>
    <make>Opel</make>
    <model>Insignia</model>
    <travelled-distance>2147483647</travelled-distance>
  </car>
  <car>
    <make>Opel</make>
    <model>Astra</model>
    <travelled-distance>922336854775807</travelled-distance>
  </car>
  <car>
    <make>Opel</make>
    <model>Corsa</model>
    <travelled-distance>21474847</travelled-distance>
  </car>
  <car>
    <make>Opel</make>
    <model>Omega</model>
    <travelled-distance>2147483647</travelled-distance>
  </car>
  <car>
    <make>Opel</make>
    <model>Insignia</model>
    <travelled-distance>9223372036854775807</travelled-distance>
  </car>
  <car>
    <make>Opel</make>
    <model>Vectra</model>
    <travelled-distance>2147483647</travelled-distance>
  </car>
  <car>
    <make>Opel</make>
    <model>Astra</model>
    <travelled-distance>2147483647</travelled-distance>
  </car>
  <car>
    <make>Opel</make>
    <model>Omega</model>
    <travelled-distance>2147483647</travelled-distance>
  </car>
  <car>
    <make>Opel</make>
    <model>Corsa</model>
    <travelled-distance>2147483647</travelled-distance>
  </car>
  <car>
    <make>Opel</make>
    <model>Insignia</model>
    <travelled-distance>9223372036854775807</travelled-distance>
  </car>
  <car>
    <make>Opel</make>
    <model>Omega</model>
    <travelled-distance>9223336854775807</travelled-distance>
  </car>
  <car>
    <make>Opel</make>
    <model>Corsa</model>
    <travelled-distance>2</travelled-distance>
  </car>
  <car>
    <make>Opel</make>
    <model>Omega</model>
    <travelled-distance>1</travelled-distance>
  </car>
  <car>
    <make>BMW</make>
    <model>F20</model>
    <travelled-distance>2147483647</travelled-distance>
  </car>
  <car>
    <make>BMW</make>
    <model>F25</model>
    <travelled-distance>9223372036854775807</travelled-distance>
  </car>
  <car>
    <make>BMW</make>
    <model>M5 F10</model>
    <travelled-distance>10</travelled-distance>
  </car>
  <car>
    <make>BMW</make>
    <model>F04</model>
    <travelled-distance>100000</travelled-distance>
  </car>
  <car>
    <make>BMW</make>
    <model>E88</model>
    <travelled-distance>200000</travelled-distance>
  </car>
  <car>
    <make>BMW</make>
    <model>M Roadster E85</model>
    <travelled-distance>92233720365807</travelled-distance>
  </car>
  <car>
    <make>BMW</make>
    <model>1M Coupe</model>
    <travelled-distance>2147</travelled-distance>
  </car>
  <car>
    <make>BMW</make>
    <model>X6 M</model>
    <travelled-distance>922775807</travelled-distance>
  </car>
  <car>
    <make>BMW</make>
    <model>E67</model>
    <travelled-distance>21447</travelled-distance>
  </car>
  <car>
    <make>BMW</make>
    <model>M6 E63</model>
    <travelled-distance>92235807</travelled-distance>
  </car>
  <car>
    <make>BMW</make>
    <model>M6 E63</model>
    <travelled-distance>2147</travelled-distance>
  </car>
  <car>
    <make>BMW</make>
    <model>F20</model>
    <travelled-distance>21447</travelled-distance>
  </car>
  <car>
    <make>BMW</make>
    <model>F04</model>
    <travelled-distance>2143647</travelled-distance>
  </car>
  <car>
    <make>BMW</make>
    <model>M5 F10</model>
    <travelled-distance>27483647</travelled-distance>
  </car>
  <car>
    <make>BMW</make>
    <model>X6 M</model>
    <travelled-distance>2036854775807</travelled-distance>
  </car>
  <car>
    <make>BMW</make>
    <model>F20</model>
    <travelled-distance>83647</travelled-distance>
  </car>
  <car>
    <make>BMW</make>
    <model>X6 M</model>
    <travelled-distance>483647</travelled-distance>
  </car>
  <car>
    <make>BMW</make>
    <model>F04</model>
    <travelled-distance>483647</travelled-distance>
  </car>
  <car>
    <make>BMW</make>
    <model>F20</model>
    <travelled-distance>975807</travelled-distance>
  </car>
  <car>
    <make>BMW</make>
    <model>M6 E63</model>
    <travelled-distance>214747</travelled-distance>
  </car>
  <car>
    <make>Fiat</make>
    <model>Panda</model>
    <travelled-distance>92233854775807</travelled-distance>
  </car>
  <car>
    <make>Fiat</make>
    <model>Panda 4x4 Antarctica</model>
    <travelled-distance>214747</travelled-distance>
  </car>
  <car>
    <make>Fiat</make>
    <model>500 (2007) Abarth 695 Tributo Maserati</model>
    <travelled-distance>214747</travelled-distance>
  </car>
  <car>
    <make>Fiat</make>
    <model>Panda 4x4 Antarctica</model>
    <travelled-distance>2183647</travelled-distance>
  </car>
  <car>
    <make>Fiat</make>
    <model>Panda 4x4</model>
    <travelled-distance>2147447</travelled-distance>
  </car>
  <car>
    <make>Fiat</make>
    <model>Panda</model>
    <travelled-distance>21447</travelled-distance>
  </car>
  <car>
    <make>Fiat</make>
    <model>Freemont</model>
    <travelled-distance>214647</travelled-distance>
  </car>
  <car>
    <make>Fiat</make>
    <model>500L</model>
    <travelled-distance>21474847</travelled-distance>
  </car>
  <car>
    <make>Fiat</make>
    <model>Panda</model>
    <travelled-distance>21474837</travelled-distance>
  </car>
  <car>
    <make>Fiat</make>
    <model>Freemont</model>
    <travelled-distance>92233685477</travelled-distance>
  </car>
  <car>
    <make>Fiat</make>
    <model>Panda 4x4</model>
    <travelled-distance>92233736854775807</travelled-distance>
  </car>
  <car>
    <make>Fiat</make>
    <model>Panda 4x4 Antarctica</model>
    <travelled-distance>21483647</travelled-distance>
  </car>
  <car>
    <make>Fiat</make>
    <model>500L</model>
    <travelled-distance>2147647</travelled-distance>
  </car>
  <car>
    <make>Fiat</make>
    <model>500L</model>
    <travelled-distance>92233754775807</travelled-distance>
  </car>
  <car>
    <make>Fiat</make>
    <model>500 (2007) Abarth 695 Tributo Maserati</model>
    <travelled-distance>922337205807</travelled-distance>
  </car>
  <car>
    <make>Fiat</make>
    <model>Panda</model>
    <travelled-distance>2147487</travelled-distance>
  </car>
  <car>
    <make>Fiat</make>
    <model>500L</model>
    <travelled-distance>922337204775807</travelled-distance>
  </car>
  <car>
    <make>Fiat</make>
    <model>Freemont</model>
    <travelled-distance>21473647</travelled-distance>
  </car>
  <car>
    <make>Fiat</make>
    <model>Panda 4x4</model>
    <travelled-distance>922036854775807</travelled-distance>
  </car>
  <car>
    <make>Fiat</make>
    <model>500 (2007) Abarth 695 Tributo Maserati</model>
    <travelled-distance>92236854775807</travelled-distance>
  </car>
  <car>
    <make>Fiat</make>
    <model>Freemont</model>
    <travelled-distance>2147647</travelled-distance>
  </car>
  <car>
    <make>Fiat</make>
    <model>500L</model>
    <travelled-distance>922337203675807</travelled-distance>
  </car>
  <car>
    <make>Mercedes</make>
    <model>A 140</model>
    <travelled-distance>92233754775807</travelled-distance>
  </car>
  <car>
    <make>Mercedes</make>
    <model>W212</model>
    <travelled-distance>2147647</travelled-distance>
  </car>
  <car>
    <make>Mercedes</make>
    <model>A 160</model>
    <travelled-distance>9223372036</travelled-distance>
  </car>
  <car>
    <make>Mercedes</make>
    <model>A 160 CDI</model>
    <travelled-distance>4775807</travelled-distance>
  </car>
  <car>
    <make>Mercedes</make>
    <model>W212</model>
    <travelled-distance>54775807</travelled-distance>
  </car>
  <car>
    <make>Mercedes</make>
    <model>W202</model>
    <travelled-distance>92233754775807</travelled-distance>
  </car>
  <car>
    <make>Mercedes</make>
    <model>W211</model>
    <travelled-distance>47757</travelled-distance>
  </car>
  <car>
    <make>Mercedes</make>
    <model>A 170 CDI</model>
    <travelled-distance>9223775807</travelled-distance>
  </car>
  <car>
    <make>Mercedes</make>
    <model>W212</model>
    <travelled-distance>927254775807</travelled-distance>
  </car>
  <car>
    <make>Mercedes</make>
    <model>W124</model>
    <travelled-distance>922336854775807</travelled-distance>
  </car>
  <car>
    <make>Mercedes</make>
    <model>W210</model>
    <travelled-distance>9223372036854775807</travelled-distance>
  </car>
  <car>
    <make>Mercedes</make>
    <model>W202</model>
    <travelled-distance>2147647</travelled-distance>
  </car>
  <car>
    <make>Mercedes</make>
    <model>W211</model>
    <travelled-distance>922775807</travelled-distance>
  </car>
  <car>
    <make>Mercedes</make>
    <model>W212</model>
    <travelled-distance>2183647</travelled-distance>
  </car>
  <car>
    <make>Mercedes</make>
    <model>W203</model>
    <travelled-distance>5807</travelled-distance>
  </car>
  <car>
    <make>Mercedes</make>
    <model>W211</model>
    <travelled-distance>92775807</travelled-distance>
  </car>
  <car>
    <make>Mercedes</make>
    <model>W210</model>
    <travelled-distance>2147483647</travelled-distance>
  </car>
  <car>
    <make>Mercedes</make>
    <model>W204</model>
    <travelled-distance>9285807</travelled-distance>
  </car>
  <car>
    <make>Mercedes</make>
    <model>W124</model>
    <travelled-distance>2147647</travelled-distance>
  </car>
  <car>
    <make>Mercedes</make>
    <model>W212</model>
    <travelled-distance>927</travelled-distance>
  </car>
  <car>
    <make>Ford</make>
    <model>Fiesta</model>
    <travelled-distance>922807</travelled-distance>
  </car>
  <car>
    <make>Ford</make>
    <model>Pinto</model>
    <travelled-distance>9854775807</travelled-distance>
  </car>
  <car>
    <make>Ford</make>
    <model>Torino</model>
    <travelled-distance>2147</travelled-distance>
  </car>
  <car>
    <make>Ford</make>
    <model>Fiesta</model>
    <travelled-distance>214647</travelled-distance>
  </car>
  <car>
    <make>Ford</make>
    <model>Pinto</model>
    <travelled-distance>922337807</travelled-distance>
  </car>
  <car>
    <make>Ford</make>
    <model>Taurus</model>
    <travelled-distance>21473647</travelled-distance>
  </car>
  <car>
    <make>Ford</make>
    <model>Fiesta</model>
    <travelled-distance>2143647</travelled-distance>
  </car>
  <car>
    <make>Ford</make>
    <model>Torino</model>
    <travelled-distance>922337807</travelled-distance>
  </car>
  <car>
    <make>Ford</make>
    <model>Pinto</model>
    <travelled-distance>922337203</travelled-distance>
  </car>
  <car>
    <make>Ford</make>
    <model>GT40</model>
    <travelled-distance>92233775807</travelled-distance>
  </car>
  <car>
    <make>Ford</make>
    <model>Pinto</model>
    <travelled-distance>9223807</travelled-distance>
  </car>
  <car>
    <make>Ford</make>
    <model>GT40</model>
    <travelled-distance>9223377</travelled-distance>
  </car>
  <car>
    <make>Ford</make>
    <model>Fiesta</model>
    <travelled-distance>922337775807</travelled-distance>
  </car>
  <car>
    <make>Ford</make>
    <model>Torino</model>
    <travelled-distance>217</travelled-distance>
  </car>
  <car>
    <make>Ford</make>
    <model>Fiesta</model>
    <travelled-distance>922375807</travelled-distance>
  </car>
  <car>
    <make>Ford</make>
    <model>Pinto</model>
    <travelled-distance>214647</travelled-distance>
  </car>
  <car>
    <make>Ford</make>
    <model>Taurus</model>
    <travelled-distance>9223375807</travelled-distance>
  </car>
  <car>
    <make>Ford</make>
    <model>Fiesta</model>
    <travelled-distance>214647</travelled-distance>
  </car>
  <car>
    <make>Ford</make>
    <model>Torino</model>
    <travelled-distance>21474647</travelled-distance>
  </car>
  <car>
    <make>Ford</make>
    <model>Ranger</model>
    <travelled-distance>9223372007</travelled-distance>
  </car>
  <car>
    <make>Ford</make>
    <model>Pinto</model>
    <travelled-distance>2147647</travelled-distance>
  </car>
  <car>
    <make>Ford</make>
    <model>Ranger</model>
    <travelled-distance>92233775807</travelled-distance>
  </car>
  <car>
    <make>Toyota</make>
    <model>Prius</model>
    <travelled-distance>9223372037</travelled-distance>
  </car>
  <car>
    <make>Toyota</make>
    <model>Tacoma</model>
    <travelled-distance>96854775807</travelled-distance>
  </car>
  <car>
    <make>Toyota</make>
    <model>Prius</model>
    <travelled-distance>214747</travelled-distance>
  </car>
  <car>
    <make>Toyota</make>
    <model>Tacoma</model>
    <travelled-distance>94775807</travelled-distance>
  </car>
  <car>
    <make>Toyota</make>
    <model>Prius</model>
    <travelled-distance>922337207</travelled-distance>
  </car>
  <car>
    <make>Toyota</make>
    <model>Corolla</model>
    <travelled-distance>9223854775807</travelled-distance>
  </car>
  <car>
    <make>Toyota</make>
    <model>Yaris</model>
    <travelled-distance>21477</travelled-distance>
  </car>
  <car>
    <make>Toyota</make>
    <model>Prius</model>
    <travelled-distance>922337203685</travelled-distance>
  </car>
  <car>
    <make>Toyota</make>
    <model>Camry Hybrid</model>
    <travelled-distance>92275807</travelled-distance>
  </car>
  <car>
    <make>Toyota</make>
    <model>Corolla</model>
    <travelled-distance>92235807</travelled-distance>
  </car>
  <car>
    <make>Toyota</make>
    <model>Prius</model>
    <travelled-distance>21477</travelled-distance>
  </car>
  <car>
    <make>Toyota</make>
    <model>Corolla</model>
    <travelled-distance>9223807</travelled-distance>
  </car>
  <car>
    <make>Toyota</make>
    <model>Tacoma</model>
    <travelled-distance>9225807</travelled-distance>
  </car>
  <car>
    <make>Toyota</make>
    <model>Camry Hybrid</model>
    <travelled-distance>954775807</travelled-distance>
  </car>
  <car>
    <make>Toyota</make>
    <model>Prius</model>
    <travelled-distance>925807</travelled-distance>
  </car>
  <car>
    <make>Toyota</make>
    <model>Tacoma</model>
    <travelled-distance>922337807</travelled-distance>
  </car>
  <car>
    <make>Toyota</make>
    <model>Corolla</model>
    <travelled-distance>2147</travelled-distance>
  </car>
  <car>
    <make>Toyota</make>
    <model>Prius</model>
    <travelled-distance>21477</travelled-distance>
  </car>
  <car>
    <make>Toyota</make>
    <model>Corolla</model>
    <travelled-distance>975807</travelled-distance>
  </car>
  <car>
    <make>Toyota</make>
    <model>Yaris</model>
    <travelled-distance>94775807</travelled-distance>
  </car>
  <car>
    <make>Toyota</make>
    <model>Corolla</model>
    <travelled-distance>21477</travelled-distance>
  </car>
  <car>
    <make>Toyota</make>
    <model>Prius</model>
    <travelled-distance>283647</travelled-distance>
  </car>
  <car>
    <make>Toyota</make>
    <model>Tacoma</model>
    <travelled-distance>927</travelled-distance>
  </car>
  <car>
    <make>Toyota</make>
    <model>Yaris</model>
    <travelled-distance>9207</travelled-distance>
  </car>
  <car>
    <make>Toyota</make>
    <model>Prius</model>
    <travelled-distance>92233775807</travelled-distance>
  </car>
  <car>
    <make>Toyota</make>
    <model>Tacoma</model>
    <travelled-distance>247</travelled-distance>
  </car>
  <car>
    <make>Toyota</make>
    <model>Prius</model>
    <travelled-distance>9223354775807</travelled-distance>
  </car>
  <car>
    <make>Toyota</make>
    <model>Yaris</model>
    <travelled-distance>21477</travelled-distance>
  </car>
  <car>
    <make>Toyota</make>
    <model>Prius</model>
    <travelled-distance>92233775807</travelled-distance>
  </car>
  <car>
    <make>Toyota</make>
    <model>Tacoma</model>
    <travelled-distance>2147</travelled-distance>
  </car>
  <car>
    <make>Toyota</make>
    <model>Camry Hybrid</model>
    <travelled-distance>2143647</travelled-distance>
  </car>
  <car>
    <make>Toyota</make>
    <model>Prius</model>
    <travelled-distance>922337807</travelled-distance>
  </car>
  <car>
    <make>Toyota</make>
    <model>Camry Hybrid</model>
    <travelled-distance>214647</travelled-distance>
  </car>
  <car>
    <make>Toyota</make>
    <model>Prius</model>
    <travelled-distance>922335807</travelled-distance>
  </car>
  <car>
    <make>Toyota</make>
    <model>Tacoma</model>
    <travelled-distance>21474647</travelled-distance>
  </car>
  <car>
    <make>Toyota</make>
    <model>Camry Hybrid</model>
    <travelled-distance>214647</travelled-distance>
  </car>
  <car>
    <make>Nissan</make>
    <model>GT-R</model>
    <travelled-distance>21473647</travelled-distance>
  </car>
  <car>
    <make>Nissan</make>
    <model>Altima</model>
    <travelled-distance>9223372775807</travelled-distance>
  </car>
  <car>
    <make>Nissan</make>
    <model>GT-R</model>
    <travelled-distance>2147647</travelled-distance>
  </car>
  <car>
    <make>Nissan</make>
    <model>370Z</model>
    <travelled-distance>2143647</travelled-distance>
  </car>
  <car>
    <make>Nissan</make>
    <model>GT-R</model>
    <travelled-distance>21477</travelled-distance>
  </car>
  <car>
    <make>Nissan</make>
    <model>Altima</model>
    <travelled-distance>9224775807</travelled-distance>
  </car>
  <car>
    <make>Nissan</make>
    <model>GT-R</model>
    <travelled-distance>23647</travelled-distance>
  </car>
  <car>
    <make>Nissan</make>
    <model>370Z</model>
    <travelled-distance>922775807</travelled-distance>
  </car>
  <car>
    <make>Nissan</make>
    <model>370Z</model>
    <travelled-distance>21477</travelled-distance>
  </car>
  <car>
    <make>Nissan</make>
    <model>Altima</model>
    <travelled-distance>2147</travelled-distance>
  </car>
  <car>
    <make>Nissan</make>
    <model>370Z</model>
    <travelled-distance>21447</travelled-distance>
  </car>
  <car>
    <make>Nissan</make>
    <model>Altima</model>
    <travelled-distance>92233707</travelled-distance>
  </car>
  <car>
    <make>Nissan</make>
    <model>GT-R</model>
    <travelled-distance>954775807</travelled-distance>
  </car>
  <car>
    <make>Nissan</make>
    <model>Altima</model>
    <travelled-distance>214647</travelled-distance>
  </car>
  <car>
    <make>Nissan</make>
    <model>370Z</model>
    <travelled-distance>922337205807</travelled-distance>
  </car>
  <car>
    <make>Nissan</make>
    <model>GT-R</model>
    <travelled-distance>96854775807</travelled-distance>
  </car>
  <car>
    <make>Nissan</make>
    <model>Versa</model>
    <travelled-distance>9223775807</travelled-distance>
  </car>
  <car>
    <make>Nissan</make>
    <model>Altima</model>
    <travelled-distance>2147447</travelled-distance>
  </car>
  <car>
    <make>Nissan</make>
    <model>370Z</model>
    <travelled-distance>922307</travelled-distance>
  </car>
  <car>
    <make>Nissan</make>
    <model>GT-R</model>
    <travelled-distance>2147447</travelled-distance>
  </car>
  <car>
    <make>Nissan</make>
    <model>Rogue</model>
    <travelled-distance>9223807</travelled-distance>
  </car>
  <car>
    <make>Nissan</make>
    <model>Altima</model>
    <travelled-distance>213647</travelled-distance>
  </car>
  <car>
    <make>Nissan</make>
    <model>GT-R</model>
    <travelled-distance>2143647</travelled-distance>
  </car>
  <car>
    <make>Nissan</make>
    <model>Altima</model>
    <travelled-distance>214747</travelled-distance>
  </car>
  <car>
    <make>Nissan</make>
    <model>Rogue</model>
    <travelled-distance>214647</travelled-distance>
  </car>
  <car>
    <make>Nissan</make>
    <model>GT-R</model>
    <travelled-distance>2147483647</travelled-distance>
  </car>
  <car>
    <make>Nissan</make>
    <model>Altima</model>
    <travelled-distance>2147483647</travelled-distance>
  </car>
  <car>
    <make>Nissan</make>
    <model>Versa</model>
    <travelled-distance>2143647</travelled-distance>
  </car>
  <car>
    <make>Nissan</make>
    <model>GT-R</model>
    <travelled-distance>2143647</travelled-distance>
  </car>
  <car>
    <make>Nissan</make>
    <model>Versa</model>
    <travelled-distance>922775807</travelled-distance>
  </car>
  <car>
    <make>Great Wall</make>
    <model>H2</model>
    <travelled-distance>9236854775807</travelled-distance>
  </car>
  <car>
    <make>Great Wall</make>
    <model>Haval M4</model>
    <travelled-distance>213647</travelled-distance>
  </car>
  <car>
    <make>Great Wall</make>
    <model>H2</model>
    <travelled-distance>21647</travelled-distance>
  </car>
  <car>
    <make>Great Wall</make>
    <model>H8</model>
    <travelled-distance>21447</travelled-distance>
  </car>
  <car>
    <make>Great Wall</make>
    <model>Steed 3</model>
    <travelled-distance>922336854775807</travelled-distance>
  </car>
  <car>
    <make>Great Wall</make>
    <model>Wingle 5</model>
    <travelled-distance>214747</travelled-distance>
  </car>
  <car>
    <make>Great Wall</make>
    <model>Haval M4</model>
    <travelled-distance>9223372035807</travelled-distance>
  </car>
  <car>
    <make>Great Wall</make>
    <model>Haval H6</model>
    <travelled-distance>214747</travelled-distance>
  </car>
  <car>
    <make>Renault</make>
    <model>Alaskan</model>
    <travelled-distance>2647</travelled-distance>
  </car>
  <car>
    <make>Renault</make>
    <model>Clio IV</model>
    <travelled-distance>2147483647</travelled-distance>
  </car>
  <car>
    <make>Renault</make>
    <model>Duster</model>
    <travelled-distance>2147483647</travelled-distance>
  </car>
  <car>
    <make>Renault</make>
    <model>Alaskan</model>
    <travelled-distance>92807</travelled-distance>
  </car>
  <car>
    <make>Renault</make>
    <model>Alaskan</model>
    <travelled-distance>2147483647</travelled-distance>
  </car>
  <car>
    <make>Renault</make>
    <model>Duster</model>
    <travelled-distance>922337203685807</travelled-distance>
  </car>
  <car>
    <make>Renault</make>
    <model>Alaskan</model>
    <travelled-distance>2147483647</travelled-distance>
  </car>
  <car>
    <make>Renault</make>
    <model>Clio IV</model>
    <travelled-distance>92234775807</travelled-distance>
  </car>
  <car>
    <make>Renault</make>
    <model>Duster</model>
    <travelled-distance>922337203685807</travelled-distance>
  </car>
  <car>
    <make>Renault</make>
    <model>Alaskan</model>
    <travelled-distance>92233720375807</travelled-distance>
  </car>
  <car>
    <make>Renault</make>
    <model>Captur</model>
    <travelled-distance>9223807</travelled-distance>
  </car>
  <car>
    <make>Renault</make>
    <model>Alaskan</model>
    <travelled-distance>21447</travelled-distance>
  </car>
  <car>
    <make>Renault</make>
    <model>Espace</model>
    <travelled-distance>9223375807</travelled-distance>
  </car>
  <car>
    <make>Renault</make>
    <model>Alaskan</model>
    <travelled-distance>2147483647</travelled-distance>
  </car>
  <car>
    <make>Renault</make>
    <model>Captur</model>
    <travelled-distance>92233724775807</travelled-distance>
  </car>
  <car>
    <make>Renault</make>
    <model>Espace</model>
    <travelled-distance>2147487</travelled-distance>
  </car>
  <car>
    <make>Chevy</make>
    <model>Camaro</model>
    <travelled-distance>92233854775807</travelled-distance>
  </car>
  <car>
    <make>Chevy</make>
    <model>Caprice</model>
    <travelled-distance>2147647</travelled-distance>
  </car>
  <car>
    <make>Chevy</make>
    <model>Camaro</model>
    <travelled-distance>922335807</travelled-distance>
  </car>
  <car>
    <make>Chevy</make>
    <model>Caprice</model>
    <travelled-distance>2143647</travelled-distance>
  </car>
  <car>
    <make>Chevy</make>
    <model>Malibu</model>
    <travelled-distance>92233854775807</travelled-distance>
  </car>
  <car>
    <make>Chevy</make>
    <model>Camaro</model>
    <travelled-distance>283647</travelled-distance>
  </car>
  <car>
    <make>Chevy</make>
    <model>Impala</model>
    <travelled-distance>214747</travelled-distance>
  </car>
  <car>
    <make>Chevy</make>
    <model>Malibu</model>
    <travelled-distance>922337775807</travelled-distance>
  </car>
  <car>
    <make>Chevy</make>
    <model>Impala</model>
    <travelled-distance>214748347</travelled-distance>
  </car>
  <car>
    <make>Chevy</make>
    <model>Camaro</model>
    <travelled-distance>21473647</travelled-distance>
  </car>
  <car>
    <make>Chevy</make>
    <model>Camaro</model>
    <travelled-distance>2147483647</travelled-distance>
  </car>
  <car>
    <make>Chevy</make>
    <model>Corvette</model>
    <travelled-distance>92233720375807</travelled-distance>
  </car>
  <car>
    <make>Chevy</make>
    <model>Cruze</model>
    <travelled-distance>92775807</travelled-distance>
  </car>
  <car>
    <make>Chevy</make>
    <model>Corvette</model>
    <travelled-distance>21474847</travelled-distance>
  </car>
  <car>
    <make>Chevy</make>
    <model>Camaro</model>
    <travelled-distance>2147487</travelled-distance>
  </car>
  <car>
    <make>Chevy</make>
    <model>Caprice</model>
    <travelled-distance>2147483647</travelled-distance>
  </car>
  <car>
    <make>Chevy</make>
    <model>Cruze</model>
    <travelled-distance>9223372034775807</travelled-distance>
  </car>
  <car>
    <make>Chevy</make>
    <model>Caprice</model>
    <travelled-distance>9223372034775807</travelled-distance>
  </car>
  <car>
    <make>Chevy</make>
    <model>Matiz</model>
    <travelled-distance>922337203685807</travelled-distance>
  </car>
  <car>
    <make>Rolls-Royce</make>
    <model>Phantom</model>
    <travelled-distance>2147483647</travelled-distance>
  </car>
  <car>
    <make>Rolls-Royce</make>
    <model>Phantom Drophead Coupé</model>
    <travelled-distance>92233775807</travelled-distance>
  </car>
  <car>
    <make>Rolls-Royce</make>
    <model>Phantom</model>
    <travelled-distance>214647</travelled-distance>
  </car>
  <car>
    <make>Rolls-Royce</make>
    <model>Ghost</model>
    <travelled-distance>21473647</travelled-distance>
  </car>
  <car>
    <make>Rolls-Royce</make>
    <model>Dawn</model>
    <travelled-distance>214647</travelled-distance>
  </car>
  <car>
    <make>Rolls-Royce</make>
    <model>Phantom</model>
    <travelled-distance>922337254775807</travelled-distance>
  </car>
  <car>
    <make>Rolls-Royce</make>
    <model>Ghost</model>
    <travelled-distance>214747</travelled-distance>
  </car>
  <car>
    <make>Rolls-Royce</make>
    <model>Wraith</model>
    <travelled-distance>2147483647</travelled-distance>
  </car>
  <car>
    <make>Rolls-Royce</make>
    <model>Phantom Drophead Coupé</model>
    <travelled-distance>922336854775807</travelled-distance>
  </car>
  <car>
    <make>Rolls-Royce</make>
    <model>Wraith</model>
    <travelled-distance>21647</travelled-distance>
  </car>
  <car>
    <make>Rolls-Royce</make>
    <model>Phantom Drophead Coupé</model>
    <travelled-distance>9223372075807</travelled-distance>
  </car>
  <car>
    <make>Lamborghini</make>
    <model>Gallardo</model>
    <travelled-distance>92234775807</travelled-distance>
  </car>
  <car>
    <make>Lamborghini</make>
    <model>Murciélago</model>
    <travelled-distance>2143647</travelled-distance>
  </car>
  <car>
    <make>Lamborghini</make>
    <model>Diablo</model>
    <travelled-distance>283647</travelled-distance>
  </car>
  <car>
    <make>Lamborghini</make>
    <model>Gallardo</model>
    <travelled-distance>9223372054775807</travelled-distance>
  </car>
  <car>
    <make>Lamborghini</make>
    <model>Murciélago</model>
    <travelled-distance>214783647</travelled-distance>
  </car>
  <car>
    <make>Lamborghini</make>
    <model>Gallardo</model>
    <travelled-distance>923372054775807</travelled-distance>
  </car>
  <car>
    <make>Lamborghini</make>
    <model>Diablo</model>
    <travelled-distance>2147483647</travelled-distance>
  </car>
  <car>
    <make>Ferrari</make>
    <model>Daytona</model>
    <travelled-distance>92036854775807</travelled-distance>
  </car>
  <car>
    <make>Ferrari</make>
    <model>250 GTO</model>
    <travelled-distance>214747</travelled-distance>
  </car>
  <car>
    <make>Ferrari</make>
    <model>F430</model>
    <travelled-distance>2147647</travelled-distance>
  </car>
  <car>
    <make>Ferrari</make>
    <model>275</model>
    <travelled-distance>92854775807</travelled-distance>
  </car>
  <car>
    <make>Ferrari</make>
    <model>F430</model>
    <travelled-distance>92236854775807</travelled-distance>
  </car>
  <car>
    <make>Ferrari</make>
    <model>F40</model>
    <travelled-distance>2647</travelled-distance>
  </car>
  <car>
    <make>Ferrari</make>
    <model>250 GTO</model>
    <travelled-distance>214747</travelled-distance>
  </car>
  <car>
    <make>Ferrari</make>
    <model>Daytona</model>
    <travelled-distance>922337275807</travelled-distance>
  </car>
  <car>
    <make>Ferrari</make>
    <model>275</model>
    <travelled-distance>214647</travelled-distance>
  </car>
  <car>
    <make>Ferrari</make>
    <model>250 GTO</model>
    <travelled-distance>2183647</travelled-distance>
  </car>
  <car>
    <make>Ferrari</make>
    <model>F40</model>
    <travelled-distance>214647</travelled-distance>
  </car>
  <car>
    <make>Ferrari</make>
    <model>250 GTO</model>
    <travelled-distance>213647</travelled-distance>
  </car>
  <car>
    <make>Ferrari</make>
    <model>F430</model>
    <travelled-distance>214647</travelled-distance>
  </car>
  <car>
    <make>Ferrari</make>
    <model>Daytona</model>
    <travelled-distance>213647</travelled-distance>
  </car>
  <car>
    <make>Ferrari</make>
    <model>F40</model>
    <travelled-distance>21447</travelled-distance>
  </car>
  <car>
    <make>Ferrari</make>
    <model>250 GTO</model>
    <travelled-distance>213647</travelled-distance>
  </car>
  <car>
    <make>Ferrari</make>
    <model>275</model>
    <travelled-distance>2147647</travelled-distance>
  </car>
  <car>
    <make>Ferrari</make>
    <model>Enzo</model>
    <travelled-distance>2147483647</travelled-distance>
  </car>
  <car>
    <make>Ferrari</make>
    <model>Daytona</model>
    <travelled-distance>2147447</travelled-distance>
  </car>
  <car>
    <make>Alfa Romeo</make>
    <model>Giulia</model>
    <travelled-distance>214647</travelled-distance>
  </car>
  <car>
    <make>Alfa Romeo</make>
    <model>Giulietta</model>
    <travelled-distance>21474847</travelled-distance>
  </car>
  <car>
    <make>Alfa Romeo</make>
    <model>AR51</model>
    <travelled-distance>2147483647</travelled-distance>
  </car>
  <car>
    <make>Alfa Romeo</make>
    <model>Alfetta</model>
    <travelled-distance>92233720775807</travelled-distance>
  </car>
  <car>
    <make>Alfa Romeo</make>
    <model>75</model>
    <travelled-distance>9223372775807</travelled-distance>
  </car>
  <car>
    <make>Alfa Romeo</make>
    <model>AR51</model>
    <travelled-distance>922337275807</travelled-distance>
  </car>
  <car>
    <make>Alfa Romeo</make>
    <model>156</model>
    <travelled-distance>92233720368547</travelled-distance>
  </car>
  <car>
    <make>Alfa Romeo</make>
    <model>Giulietta</model>
    <travelled-distance>922337203685807</travelled-distance>
  </car>
  <car>
    <make>Alfa Romeo</make>
    <model>164</model>
    <travelled-distance>92233775807</travelled-distance>
  </car>
  <car>
    <make>Alfa Romeo</make>
    <model>75</model>
    <travelled-distance>72036854775807</travelled-distance>
  </car>
  <car>
    <make>Alfa Romeo</make>
    <model>Giulietta</model>
    <travelled-distance>2036854775807</travelled-distance>
  </car>
  <car>
    <make>Alfa Romeo</make>
    <model>156</model>
    <travelled-distance>92036854775807</travelled-distance>
  </car>
  <car>
    <make>Alfa Romeo</make>
    <model>Giulietta</model>
    <travelled-distance>2036854775807</travelled-distance>
  </car>
  <car>
    <make>Alfa Romeo</make>
    <model>75</model>
    <travelled-distance>9775807</travelled-distance>
  </car>
  <car>
    <make>Peugeot</make>
    <model>206</model>
    <travelled-distance>214647</travelled-distance>
  </car>
  <car>
    <make>Peugeot</make>
    <model>405</model>
    <travelled-distance>92236854775807</travelled-distance>
  </car>
  <car>
    <make>Peugeot</make>
    <model>206</model>
    <travelled-distance>2147483647</travelled-distance>
  </car>
  <car>
    <make>Peugeot</make>
    <model>405</model>
    <travelled-distance>922854775807</travelled-distance>
  </car>
  <car>
    <make>Peugeot</make>
    <model>306</model>
    <travelled-distance>2036854775807</travelled-distance>
  </car>
  <car>
    <make>Peugeot</make>
    <model>308</model>
    <travelled-distance>775807</travelled-distance>
  </car>
  <car>
    <make>Peugeot</make>
    <model>407</model>
    <travelled-distance>854775807</travelled-distance>
  </car>
  <car>
    <make>Peugeot</make>
    <model>306</model>
    <travelled-distance>2147483647</travelled-distance>
  </car>
  <car>
    <make>Peugeot</make>
    <model>308</model>
    <travelled-distance>854775807</travelled-distance>
  </car>
  <car>
    <make>Peugeot</make>
    <model>405</model>
    <travelled-distance>9226854775807</travelled-distance>
  </car>
  <car>
    <make>Peugeot</make>
    <model>306</model>
    <travelled-distance>21474647</travelled-distance>
  </car>
  <car>
    <make>Peugeot</make>
    <model>407</model>
    <travelled-distance>922036854775807</travelled-distance>
  </car>
  <car>
    <make>Peugeot</make>
    <model>206</model>
    <travelled-distance>21474647</travelled-distance>
  </car>
  <car>
    <make>Peugeot</make>
    <model>407</model>
    <travelled-distance>9223372775807</travelled-distance>
  </car>
  <car>
    <make>Peugeot</make>
    <model>206</model>
    <travelled-distance>922036854775807</travelled-distance>
  </car>
  <car>
    <make>Peugeot</make>
    <model>308</model>
    <travelled-distance>23647</travelled-distance>
  </car>
  <car>
    <make>Peugeot</make>
    <model>405</model>
    <travelled-distance>92036854775807</travelled-distance>
  </car>
  <car>
    <make>Peugeot</make>
    <model>306</model>
    <travelled-distance>2147483647</travelled-distance>
  </car>
  <car>
    <make>Peugeot</make>
    <model>405</model>
    <travelled-distance>92233854775807</travelled-distance>
  </car>
  <car>
    <make>Peugeot</make>
    <model>308</model>
    <travelled-distance>2147483647</travelled-distance>
  </car>
  <car>
    <make>Peugeot</make>
    <model>206</model>
    <travelled-distance>922775807</travelled-distance>
  </car>
  <car>
    <make>Peugeot</make>
    <model>206</model>
    <travelled-distance>214748347</travelled-distance>
  </car>
  <car>
    <make>Citroen</make>
    <model>Berlingo</model>
    <travelled-distance>922354775807</travelled-distance>
  </car>
  <car>
    <make>Citroen</make>
    <model>C1</model>
    <travelled-distance>924775807</travelled-distance>
  </car>
  <car>
    <make>Citroen</make>
    <model>Berlingo</model>
    <travelled-distance>9223354775807</travelled-distance>
  </car>
  <car>
    <make>Citroen</make>
    <model>C5</model>
    <travelled-distance>922334775807</travelled-distance>
  </car>
  <car>
    <make>Citroen</make>
    <model>C5</model>
    <travelled-distance>213647</travelled-distance>
  </car>
  <car>
    <make>Citroen</make>
    <model>C8</model>
    <travelled-distance>2147447</travelled-distance>
  </car>
  <car>
    <make>Citroen</make>
    <model>Elysée</model>
    <travelled-distance>922354775807</travelled-distance>
  </car>
  <car>
    <make>Citroen</make>
    <model>C1</model>
    <travelled-distance>2147</travelled-distance>
  </car>
  <car>
    <make>Citroen</make>
    <model>C4</model>
    <travelled-distance>2147487</travelled-distance>
  </car>
  <car>
    <make>Citroen</make>
    <model>C5</model>
    <travelled-distance>922337204775807</travelled-distance>
  </car>
  <car>
    <make>Citroen</make>
    <model>C1</model>
    <travelled-distance>922337854775807</travelled-distance>
  </car>
  <car>
    <make>Citroen</make>
    <model>C3</model>
    <travelled-distance>214647</travelled-distance>
  </car>
  <car>
    <make>Citroen</make>
    <model>C1</model>
    <travelled-distance>2483647</travelled-distance>
  </car>
  <car>
    <make>Citroen</make>
    <model>C4</model>
    <travelled-distance>92236854775807</travelled-distance>
  </car>
  <car>
    <make>Citroen</make>
    <model>C1</model>
    <travelled-distance>922336854775807</travelled-distance>
  </car>
  <car>
    <make>Citroen</make>
    <model>C5</model>
    <travelled-distance>2147483647</travelled-distance>
  </car>
  <car>
    <make>Citroen</make>
    <model>C3</model>
    <travelled-distance>2147647</travelled-distance>
  </car>
  <car>
    <make>Citroen</make>
    <model>C8</model>
    <travelled-distance>92236854775807</travelled-distance>
  </car>
  <car>
    <make>Citroen</make>
    <model>C1</model>
    <travelled-distance>2147483647</travelled-distance>
  </car>
  <car>
    <make>Citroen</make>
    <model>C3</model>
    <travelled-distance>9223336854775807</travelled-distance>
  </car>
  <car>
    <make>Citroen</make>
    <model>Elysée</model>
    <travelled-distance>23336854775</travelled-distance>
  </car>
  <car>
    <make>Citroen</make>
    <model>C1</model>
    <travelled-distance>92236854775807</travelled-distance>
  </car>
  <car>
    <make>Citroen</make>
    <model>C4</model>
    <travelled-distance>213647</travelled-distance>
  </car>
  <car>
    <make>Citroen</make>
    <model>C3</model>
    <travelled-distance>2147647</travelled-distance>
  </car>
  <car>
    <make>Citroen</make>
    <model>C1</model>
    <travelled-distance>9223775807</travelled-distance>
  </car>
  <car>
    <make>Citroen</make>
    <model>C5</model>
    <travelled-distance>2183647</travelled-distance>
  </car>
  <car>
    <make>Citroen</make>
    <model>C1</model>
    <travelled-distance>9854775807</travelled-distance>
  </car>
  <car>
    <make>Citroen</make>
    <model>C8</model>
    <travelled-distance>83647</travelled-distance>
  </car>
  <car>
    <make>Seat</make>
    <model>Toledo</model>
    <travelled-distance>21483647</travelled-distance>
  </car>
  <car>
    <make>Seat</make>
    <model>Mii</model>
    <travelled-distance>214783647</travelled-distance>
  </car>
  <car>
    <make>Seat</make>
    <model>Ibiza</model>
    <travelled-distance>21647</travelled-distance>
  </car>
  <car>
    <make>Seat</make>
    <model>Mii</model>
    <travelled-distance>2147447</travelled-distance>
  </car>
  <car>
    <make>Seat</make>
    <model>Ibiza</model>
    <travelled-distance>213647</travelled-distance>
  </car>
  <car>
    <make>Seat</make>
    <model>Mii</model>
    <travelled-distance>21447</travelled-distance>
  </car>
  <car>
    <make>Seat</make>
    <model>Toledo</model>
    <travelled-distance>2147647</travelled-distance>
  </car>
  <car>
    <make>Seat</make>
    <model>Toledo</model>
    <travelled-distance>21473647</travelled-distance>
  </car>
  <car>
    <make>Seat</make>
    <model>Ibiza</model>
    <travelled-distance>92234775807</travelled-distance>
  </car>
  <car>
    <make>Seat</make>
    <model>Mii</model>
    <travelled-distance>936854775807</travelled-distance>
  </car>
  <car>
    <make>Seat</make>
    <model>Toledo</model>
    <travelled-distance>21447</travelled-distance>
  </car>
  <car>
    <make>Seat</make>
    <model>Mii</model>
    <travelled-distance>214747</travelled-distance>
  </car>
  <car>
    <make>Seat</make>
    <model>Toledo</model>
    <travelled-distance>2147647</travelled-distance>
  </car>
  <car>
    <make>Seat</make>
    <model>Ibiza</model>
    <travelled-distance>21474847</travelled-distance>
  </car>
  <car>
    <make>Seat</make>
    <model>Toledo</model>
    <travelled-distance>2147447</travelled-distance>
  </car>
  <car>
    <make>Seat</make>
    <model>Mii</model>
    <travelled-distance>92236854775807</travelled-distance>
  </car>
  <car>
    <make>Skoda</make>
    <model>Citigo</model>
    <travelled-distance>214647</travelled-distance>
  </car>
  <car>
    <make>Skoda</make>
    <model>Rapid Spaceback</model>
    <travelled-distance>685477580</travelled-distance>
  </car>
  <car>
    <make>Skoda</make>
    <model>Citigo</model>
    <travelled-distance>92233854775807</travelled-distance>
  </car>
  <car>
    <make>Skoda</make>
    <model>Citigo</model>
    <travelled-distance>2183647</travelled-distance>
  </car>
  <car>
    <make>Skoda</make>
    <model>Citigo</model>
    <travelled-distance>214747</travelled-distance>
  </car>
  <car>
    <make>Skoda</make>
    <model>Fabia</model>
    <travelled-distance>9223372036875807</travelled-distance>
  </car>
  <car>
    <make>Skoda</make>
    <model>Citigo</model>
    <travelled-distance>214647</travelled-distance>
  </car>
  <car>
    <make>Skoda</make>
    <model>Fabia</model>
    <travelled-distance>214747</travelled-distance>
  </car>
  <car>
    <make>Skoda</make>
    <model>Rapid</model>
    <travelled-distance>9223372775807</travelled-distance>
  </car>
  <car>
    <make>Skoda</make>
    <model>Fabia</model>
    <travelled-distance>214647</travelled-distance>
  </car>
  <car>
    <make>Skoda</make>
    <model>Fabia</model>
    <travelled-distance>922337203775807</travelled-distance>
  </car>
  <car>
    <make>Skoda</make>
    <model>Rapid</model>
    <travelled-distance>2147447</travelled-distance>
  </car>
  <car>
    <make>Skoda</make>
    <model>Rapid Spaceback</model>
    <travelled-distance>474</travelled-distance>
  </car>
  <car>
    <make>Skoda</make>
    <model>Fabia</model>
    <travelled-distance>92233720368807</travelled-distance>
  </car>
  <car>
    <make>Dacia</make>
    <model>Logan</model>
    <travelled-distance>9036854775807</travelled-distance>
  </car>
  <car>
    <make>Dacia</make>
    <model>Sandero Stepway</model>
    <travelled-distance>92233724775807</travelled-distance>
  </car>
  <car>
    <make>Dacia</make>
    <model>Sandero</model>
    <travelled-distance>2147647</travelled-distance>
  </car>
  <car>
    <make>Dacia</make>
    <model>Dokker</model>
    <travelled-distance>213647</travelled-distance>
  </car>
  <car>
    <make>Dacia</make>
    <model>Sandero</model>
    <travelled-distance>2143647</travelled-distance>
  </car>
  <car>
    <make>Dacia</make>
    <model>Logan</model>
    <travelled-distance>21474647</travelled-distance>
  </car>
  <car>
    <make>Dacia</make>
    <model>Logan</model>
    <travelled-distance>9275807</travelled-distance>
  </car>
  <car>
    <make>Dacia</make>
    <model>Dokker</model>
    <travelled-distance>2147647</travelled-distance>
  </car>
  <car>
    <make>Dacia</make>
    <model>Sandero</model>
    <travelled-distance>922337254775807</travelled-distance>
  </car>
  <car>
    <make>Dacia</make>
    <model>Dokker</model>
    <travelled-distance>2147447</travelled-distance>
  </car>
  <car>
    <make>Dacia</make>
    <model>Logan</model>
    <travelled-distance>922337203687</travelled-distance>
  </car>
  <car>
    <make>Dacia</make>
    <model>Duster</model>
    <travelled-distance>21447</travelled-distance>
  </car>
  <car>
    <make>Dacia</make>
    <model>Sandero Stepway</model>
    <travelled-distance>922337807</travelled-distance>
  </car>
  <car>
    <make>Dacia</make>
    <model>Duster</model>
    <travelled-distance>922375807</travelled-distance>
  </car>
  <car>
    <make>Dacia</make>
    <model>Logan</model>
    <travelled-distance>213647</travelled-distance>
  </car>
</cars>