[
  {
    "fullName": "Marcelle Griego",
    "boughtCars": 8,
    "spentMoney": 31949.86
  },
  {
    "fullName": "Cinthia Lasala",
    "boughtCars": 6,
    "spentMoney": 26505.68
  },
  {
    "fullName": "Daniele Zarate",
    "boughtCars": 7,
    "spentMoney": 26280.85
  },
  {
    "fullName": "Teddy Hobby",
    "boughtCars": 8,
    "spentMoney": 25637.85
  },
  {
    "fullName": "Garret Capron",
    "boughtCars": 6,
    "spentMoney": 23601.99
  },
  {
    "fullName": "Carri Knapik",
    "boughtCars": 6,
    "spentMoney": 23473.21
  },
  {
    "fullName": "Rema Revelle",
    "boughtCars": 8,
    "spentMoney": 22444.61
  },
  {
    "fullName": "Taina Achenbach",
    "boughtCars": 7,
    "spentMoney": 21910.70
  },
  {
    "fullName": "Hipolito Lamoreaux",
    "boughtCars": 6,
    "spentMoney": 21162.80
  },
  {
    "fullName": "Sylvie Mcelravy",
    "boughtCars": 7,
    "spentMoney": 20507.70
  },
  {
    "fullName": "Johnette Derryberry",
    "boughtCars": 8,
    "spentMoney": 19011.21
  },
  {
    "fullName": "Natalie Poli",
    "boughtCars": 5,
    "spentMoney": 18837.10
  },
  {
    "fullName": "Rico Peer",
    "boughtCars": 7,
    "spentMoney": 17226.92
  },
  {
    "fullName": "Hai Everton",
    "boughtCars": 4,
    "spentMoney": 14719.15
  },
  {
    "fullName": "Ann Mcenaney",
    "boughtCars": 4,
    "spentMoney": 14513.29
  },
  {
    "fullName": "Kristian Engberg",
    "boughtCars": 5,
    "spentMoney": 14323.53
  },
  {
    "fullName": "Faustina Burgher",
    "boughtCars": 8,
    "spentMoney": 13706.08
  },
  {
    "fullName": "Jimmy Grossi",
    "boughtCars": 5,
    "spentMoney": 12329.96
  },
  {
    "fullName": "Carole Witman",
    "boughtCars": 6,
    "spentMoney": 11482.94
  },
  {
    "fullName": "Lino Subia",
    "boughtCars": 3,
    "spentMoney": 11416.12
  },
  {
    "fullName": "Nisha Markwell",
    "boughtCars": 3,
    "spentMoney": 10436.67
  },
  {
    "fullName": "Oren Perlman",
    "boughtCars": 3,
    "spentMoney": 9766.89
  },
  {
    "fullName": "Yvonne Mccalla",
    "boughtCars": 3,
    "spentMoney": 9486.35
  },
  {
    "fullName": "Francis Mckim",
    "boughtCars": 2,
    "spentMoney": 9097.81
  },
  {
    "fullName": "Emmitt Benally",
    "boughtCars": 4,
    "spentMoney": 8984.71
  },
  {
    "fullName": "Louann Holzworth",
    "boughtCars": 3,
    "spentMoney": 7242.38
  },
  {
    "fullName": "Audrea Cardinal",
    "boughtCars": 3,
    "spentMoney": 6058.50
  },
  {
    "fullName": "Zada Attwood",
    "boughtCars": 1,
    "spentMoney": 3737.11
  },
  {
    "fullName": "Donnetta Soliz",
    "boughtCars": 3,
    "spentMoney": 3711.54
  },
  {
    "fullName": "Brett Brickley",
    "boughtCars": 1,
    "spentMoney": 2464.65
  }
]