[
  {
    "id": 2,
    "name": "Agway Inc.",
    "partsCount": 2
  },
  {
    "id": 4,
    "name": "Airgas, Inc.",
    "partsCount": 6
  },
  {
    "id": 7,
    "name": "Caterpillar Inc.",
    "partsCount": 3
  },
  {
    "id": 9,
    "name": "Cintas Corp.",
    "partsCount": 7
  },
  {
    "id": 11,
    "name": "Cintas Corp.",
    "partsCount": 1
  },
  {
    "id": 14,
    "name": "The Clorox Co.",
    "partsCount": 4
  },
  {
    "id": 16,
    "name": "E.I. Du Pont de Nemours and Company",
    "partsCount": 3
  },
  {
    "id": 19,
    "name": "GenCorp Inc.",
    "partsCount": 3
  },
  {
    "id": 21,
    "name": "Level 3 Communications Inc.",
    "partsCount": 7
  },
  {
    "id": 23,
    "name": "Nicor Inc",
    "partsCount": 2
  },
  {
    "id": 26,
    "name": "Saks Inc",
    "partsCount": 2
  },
  {
    "id": 29,
    "name": "VF Corporation",
    "partsCount": 2
  },
  {
    "id": 31,
    "name": "Zale",
    "partsCount": 5
  }
]