[
  {
    "id": 29,
    "name": "Louann Holzworth",
    "birthDate": "1960-10-01T12:00:00",
    "sales": []
  },
  {
    "id": 28,
    "name": "Donnetta Soliz",
    "birthDate": "1963-10-01T12:00:00",
    "sales": []
  },
  {
    "id": 17,
    "name": "Rema Revelle",
    "birthDate": "1970-05-01T12:00:00",
    "sales": []
  },
  {
    "id": 16,
    "name": "Carri Knapik",
    "birthDate": "1972-02-02T12:00:00",
    "sales": []
  },
  {
    "id": 27,
    "name": "Garret Capron",
    "birthDate": "1975-07-01T12:00:00",
    "sales": []
  },
  {
    "id": 8,
    "name": "Teddy Hobby",
    "birthDate": "1975-10-01T12:00:00",
    "sales": []
  },
  {
    "id": 10,
    "name": "Audrea Cardinal",
    "birthDate": "1976-10-01T12:00:00",
    "sales": []
  },
  {
    "id": 11,
    "name": "Francis Mckim",
    "birthDate": "1977-10-01T12:00:00",
    "sales": []
  },
  {
    "id": 14,
    "name": "Brett Brickley",
    "birthDate": "1980-10-01T12:00:00",
    "sales": []
  },
  {
    "id": 15,
    "name": "Kristian Engberg",
    "birthDate": "1981-10-03T12:00:00",
    "sales": []
  },
  {
    "id": 26,
    "name": "Hipolito Lamoreaux",
    "birthDate": "1982-08-01T12:00:00",
    "sales": []
  },
  {
    "id": 4,
    "name": "Zada Attwood",
    "birthDate": "1982-10-01T12:00:00",
    "sales": []
  },
  {
    "id": 25,
    "name": "Sylvie Mcelravy",
    "birthDate": "1983-10-01T12:00:00",
    "sales": []
  },
  {
    "id": 7,
    "name": "Rico Peer",
    "birthDate": "1984-10-01T12:00:00",
    "sales": []
  },
  {
    "id": 5,
    "name": "Hai Everton",
    "birthDate": "1985-10-01T12:00:00",
    "sales": []
  },
  {
    "id": 6,
    "name": "Lino Subia",
    "birthDate": "1985-12-21T12:00:00",
    "sales": []
  },
  {
    "id": 24,
    "name": "Jimmy Grossi",
    "birthDate": "1986-07-01T12:00:00",
    "sales": []
  },
  {
    "id": 12,
    "name": "Carole Witman",
    "birthDate": "1987-10-01T12:00:00",
    "sales": []
  },
  {
    "id": 13,
    "name": "Oren Perlman",
    "birthDate": "1988-10-01T12:00:00",
    "sales": []
  },
  {
    "id": 2,
    "name": "Natalie Poli",
    "birthDate": "1990-10-04T12:00:00",
    "sales": []
  },
  {
    "id": 3,
    "name": "Marcelle Griego",
    "birthDate": "1990-10-04T12:00:00",
    "sales": []
  },
  {
    "id": 19,
    "name": "Yvonne Mccalla",
    "birthDate": "1992-03-02T12:00:00",
    "sales": []
  },
  {
    "id": 30,
    "name": "Ann Mcenaney",
    "birthDate": "1992-03-02T12:00:00",
    "sales": []
  },
  {
    "id": 21,
    "name": "Cinthia Lasala",
    "birthDate": "1992-11-01T12:00:00",
    "sales": []
  },
  {
    "id": 1,
    "name": "Emmitt Benally",
    "birthDate": "1993-11-20T12:00:00",
    "sales": []
  },
  {
    "id": 20,
    "name": "Nisha Markwell",
    "birthDate": "1994-04-04T12:00:00",
    "sales": []
  },
  {
    "id": 23,
    "name": "Faustina Burgher",
    "birthDate": "1994-06-01T12:00:00",
    "sales": []
  },
  {
    "id": 18,
    "name": "Taina Achenbach",
    "birthDate": "1994-10-01T12:00:00",
    "sales": []
  },
  {
    "id": 9,
    "name": "Johnette Derryberry",
    "birthDate": "1995-10-01T12:00:00",
    "sales": []
  },
  {
    "id": 22,
    "name": "Daniele Zarate",
    "birthDate": "1995-10-05T12:00:00",
    "sales": []
  }
]