[
  {
    "car": {
      "make": "Citroen",
      "model": "C1",
      "travelledDistance": 92236854775807
    },
    "customerName": "Cinthia Lasala",
    "discount": 0.1,
    "price": 7196.36,
    "priceWithDiscount": 6476.7240
  },
  {
    "car": {
      "make": "Mercedes",
      "model": "W210",
      "travelledDistance": 2147483647
    },
    "customerName": "Marcelle Griego",
    "discount": 0.45,
    "price": 4051.74,
    "priceWithDiscount": 2228.4570
  },
  {
    "car": {
      "make": "Peugeot",
      "model": "308",
      "travelledDistance": 2147483647
    },
    "customerName": "Johnette Derryberry",
    "discount": 0.1,
    "price": 1060.36,
    "priceWithDiscount": 954.3240
  },
  {
    "car": {
      "make": "Toyota",
      "model": "Prius",
      "travelledDistance": 214747
    },
    "customerName": "Carole Witman",
    "discount": 0.2,
    "price": 3700.69,
    "priceWithDiscount": 2960.5520
  },
  {
    "car": {
      "make": "Seat",
      "model": "Toledo",
      "travelledDistance": 21447
    },
    "customerName": "Faustina Burgher",
    "discount": 0.4,
    "price": 2562.83,
    "priceWithDiscount": 1537.6980
  },
  {
    "car": {
      "make": "Rolls-Royce",
      "model": "Wraith",
      "travelledDistance": 21647
    },
    "customerName": "Natalie Poli",
    "discount": 0.1,
    "price": 5239.88,
    "priceWithDiscount": 4715.8920
  },
  {
    "car": {
      "make": "Opel",
      "model": "Corsa",
      "travelledDistance": 2
    },
    "customerName": "Hai Everton",
    "discount": 0.2,
    "price": 4859.77,
    "priceWithDiscount": 3887.8160
  },
  {
    "car": {
      "make": "BMW",
      "model": "F04",
      "travelledDistance": 2143647
    },
    "customerName": "Marcelle Griego",
    "discount": 0.35,
    "price": 3750.24,
    "priceWithDiscount": 2437.6560
  },
  {
    "car": {
      "make": "BMW",
      "model": "F20",
      "travelledDistance": 2147483647
    },
    "customerName": "Johnette Derryberry",
    "discount": 0.35,
    "price": 6915.92,
    "priceWithDiscount": 4495.3480
  },
  {
    "car": {
      "make": "Mercedes",
      "model": "W212",
      "travelledDistance": 54775807
    },
    "customerName": "Rema Revelle",
    "discount": 0.2,
    "price": 3268.74,
    "priceWithDiscount": 2614.9920
  },
  {
    "car": {
      "make": "Mercedes",
      "model": "W124",
      "travelledDistance": 2147647
    },
    "customerName": "Nisha Markwell",
    "discount": 0.2,
    "price": 5910.43,
    "priceWithDiscount": 4728.3440
  },
  {
    "car": {
      "make": "Citroen",
      "model": "Berlingo",
      "travelledDistance": 922354775807
    },
    "customerName": "Kristian Engberg",
    "discount": 0.4,
    "price": 6170.12,
    "priceWithDiscount": 3702.0720
  },
  {
    "car": {
      "make": "Mercedes",
      "model": "W211",
      "travelledDistance": 922775807
    },
    "customerName": "Daniele Zarate",
    "discount": 0,
    "price": 788.64,
    "priceWithDiscount": 788.6400
  },
  {
    "car": {
      "make": "Dacia",
      "model": "Dokker",
      "travelledDistance": 2147647
    },
    "customerName": "Jimmy Grossi",
    "discount": 0.2,
    "price": 2068.61,
    "priceWithDiscount": 1654.8880
  },
  {
    "car": {
      "make": "Citroen",
      "model": "C4",
      "travelledDistance": 92236854775807
    },
    "customerName": "Lino Subia",
    "discount": 0.15,
    "price": 4768.41,
    "priceWithDiscount": 4053.1485
  },
  {
    "car": {
      "make": "Peugeot",
      "model": "405",
      "travelledDistance": 922854775807
    },
    "customerName": "Rico Peer",
    "discount": 0.05,
    "price": 3655.22,
    "priceWithDiscount": 3472.4590
  },
  {
    "car": {
      "make": "Great Wall",
      "model": "H2",
      "travelledDistance": 9236854775807
    },
    "customerName": "Teddy Hobby",
    "discount": 0.1,
    "price": 3559.92,
    "priceWithDiscount": 3203.9280
  },
  {
    "car": {
      "make": "Great Wall",
      "model": "Steed 3",
      "travelledDistance": 922336854775807
    },
    "customerName": "Hipolito Lamoreaux",
    "discount": 0.35,
    "price": 2874.25,
    "priceWithDiscount": 1868.2625
  },
  {
    "car": {
      "make": "Toyota",
      "model": "Prius",
      "travelledDistance": 92233775807
    },
    "customerName": "Zada Attwood",
    "discount": 0.15,
    "price": 4396.60,
    "priceWithDiscount": 3737.1100
  },
  {
    "car": {
      "make": "Renault",
      "model": "Espace",
      "travelledDistance": 9223375807
    },
    "customerName": "Johnette Derryberry",
    "discount": 0.1,
    "price": 4630.09,
    "priceWithDiscount": 4167.0810
  },
  {
    "car": {
      "make": "Lamborghini",
      "model": "Murciélago",
      "travelledDistance": 214783647
    },
    "customerName": "Rema Revelle",
    "discount": 0.15,
    "price": 1796.42,
    "priceWithDiscount": 1526.9570
  },
  {
    "car": {
      "make": "Alfa Romeo",
      "model": "Giulietta",
      "travelledDistance": 2036854775807
    },
    "customerName": "Garret Capron",
    "discount": 0.4,
    "price": 4365.82,
    "priceWithDiscount": 2619.4920
  },
  {
    "car": {
      "make": "Mercedes",
      "model": "W202",
      "travelledDistance": 2147647
    },
    "customerName": "Cinthia Lasala",
    "discount": 0.1,
    "price": 5436.54,
    "priceWithDiscount": 4892.8860
  },
  {
    "car": {
      "make": "Lamborghini",
      "model": "Murciélago",
      "travelledDistance": 2143647
    },
    "customerName": "Jimmy Grossi",
    "discount": 0.45,
    "price": 3661.86,
    "priceWithDiscount": 2014.0230
  },
  {
    "car": {
      "make": "BMW",
      "model": "F04",
      "travelledDistance": 100000
    },
    "customerName": "Daniele Zarate",
    "discount": 0.1,
    "price": 8658.24,
    "priceWithDiscount": 7792.4160
  },
  {
    "car": {
      "make": "Fiat",
      "model": "500L",
      "travelledDistance": 92233754775807
    },
    "customerName": "Marcelle Griego",
    "discount": 0.1,
    "price": 7375.52,
    "priceWithDiscount": 6637.9680
  },
  {
    "car": {
      "make": "Toyota",
      "model": "Corolla",
      "travelledDistance": 9223807
    },
    "customerName": "Faustina Burgher",
    "discount": 0.2,
    "price": 1618.57,
    "priceWithDiscount": 1294.8560
  },
  {
    "car": {
      "make": "Ferrari",
      "model": "250 GTO",
      "travelledDistance": 213647
    },
    "customerName": "Cinthia Lasala",
    "discount": 0.2,
    "price": 8548.99,
    "priceWithDiscount": 6839.1920
  },
  {
    "car": {
      "make": "Citroen",
      "model": "Berlingo",
      "travelledDistance": 922354775807
    },
    "customerName": "Ann Mcenaney",
    "discount": 0.25,
    "price": 6170.12,
    "priceWithDiscount": 4627.5900
  },
  {
    "car": {
      "make": "Great Wall",
      "model": "Wingle 5",
      "travelledDistance": 214747
    },
    "customerName": "Marcelle Griego",
    "discount": 0.05,
    "price": 2085.19,
    "priceWithDiscount": 1980.9305
  },
  {
    "car": {
      "make": "Rolls-Royce",
      "model": "Phantom",
      "travelledDistance": 2147483647
    },
    "customerName": "Kristian Engberg",
    "discount": 0.4,
    "price": 2253.67,
    "priceWithDiscount": 1352.2020
  },
  {
    "car": {
      "make": "Chevy",
      "model": "Matiz",
      "travelledDistance": 922337203685807
    },
    "customerName": "Lino Subia",
    "discount": 0.1,
    "price": 921.86,
    "priceWithDiscount": 829.6740
  },
  {
    "car": {
      "make": "Toyota",
      "model": "Prius",
      "travelledDistance": 9223372037
    },
    "customerName": "Oren Perlman",
    "discount": 0.35,
    "price": 1863.72,
    "priceWithDiscount": 1211.4180
  },
  {
    "car": {
      "make": "Toyota",
      "model": "Prius",
      "travelledDistance": 283647
    },
    "customerName": "Carri Knapik",
    "discount": 0.45,
    "price": 5275.25,
    "priceWithDiscount": 2901.3875
  },
  {
    "car": {
      "make": "Ford",
      "model": "Ranger",
      "travelledDistance": 9223372007
    },
    "customerName": "Carri Knapik",
    "discount": 0.05,
    "price": 4942.64,
    "priceWithDiscount": 4695.5080
  },
  {
    "car": {
      "make": "Chevy",
      "model": "Caprice",
      "travelledDistance": 9223372034775807
    },
    "customerName": "Louann Holzworth",
    "discount": 0.15,
    "price": 3077.26,
    "priceWithDiscount": 2615.6710
  },
  {
    "car": {
      "make": "BMW",
      "model": "E67",
      "travelledDistance": 21447
    },
    "customerName": "Carri Knapik",
    "discount": 0.2,
    "price": 7306.95,
    "priceWithDiscount": 5845.5600
  },
  {
    "car": {
      "make": "Fiat",
      "model": "500L",
      "travelledDistance": 922337203675807
    },
    "customerName": "Hipolito Lamoreaux",
    "discount": 0.05,
    "price": 5550.85,
    "priceWithDiscount": 5273.3075
  },
  {
    "car": {
      "make": "Toyota",
      "model": "Tacoma",
      "travelledDistance": 927
    },
    "customerName": "Ann Mcenaney",
    "discount": 0.15,
    "price": 6632.37,
    "priceWithDiscount": 5637.5145
  },
  {
    "car": {
      "make": "Chevy",
      "model": "Camaro",
      "travelledDistance": 2147483647
    },
    "customerName": "Cinthia Lasala",
    "discount": 0.25,
    "price": 5216.54,
    "priceWithDiscount": 3912.4050
  },
  {
    "car": {
      "make": "Skoda",
      "model": "Rapid",
      "travelledDistance": 2147447
    },
    "customerName": "Marcelle Griego",
    "discount": 0.25,
    "price": 7150.79,
    "priceWithDiscount": 5363.0925
  },
  {
    "car": {
      "make": "Ford",
      "model": "Pinto",
      "travelledDistance": 922337203
    },
    "customerName": "Carole Witman",
    "discount": 0.2,
    "price": 2791.16,
    "priceWithDiscount": 2232.9280
  },
  {
    "car": {
      "make": "Mercedes",
      "model": "W204",
      "travelledDistance": 9285807
    },
    "customerName": "Hai Everton",
    "discount": 0.2,
    "price": 6473.59,
    "priceWithDiscount": 5178.8720
  },
  {
    "car": {
      "make": "Ferrari",
      "model": "275",
      "travelledDistance": 2147647
    },
    "customerName": "Garret Capron",
    "discount": 0.15,
    "price": 1097.65,
    "priceWithDiscount": 933.0025
  },
  {
    "car": {
      "make": "BMW",
      "model": "X6 M",
      "travelledDistance": 2036854775807
    },
    "customerName": "Teddy Hobby",
    "discount": 0.35,
    "price": 3312.12,
    "priceWithDiscount": 2152.8780
  },
  {
    "car": {
      "make": "Citroen",
      "model": "C1",
      "travelledDistance": 9854775807
    },
    "customerName": "Francis Mckim",
    "discount": 0.05,
    "price": 5094.04,
    "priceWithDiscount": 4839.3380
  },
  {
    "car": {
      "make": "Renault",
      "model": "Captur",
      "travelledDistance": 92233724775807
    },
    "customerName": "Natalie Poli",
    "discount": 0.4,
    "price": 3502.25,
    "priceWithDiscount": 2101.3500
  },
  {
    "car": {
      "make": "Mercedes",
      "model": "W124",
      "travelledDistance": 2147647
    },
    "customerName": "Rico Peer",
    "discount": 0.1,
    "price": 5910.43,
    "priceWithDiscount": 5319.3870
  },
  {
    "car": {
      "make": "Toyota",
      "model": "Tacoma",
      "travelledDistance": 927
    },
    "customerName": "Nisha Markwell",
    "discount": 0.4,
    "price": 6632.37,
    "priceWithDiscount": 3979.4220
  },
  {
    "car": {
      "make": "Citroen",
      "model": "C1",
      "travelledDistance": 924775807
    },
    "customerName": "Faustina Burgher",
    "discount": 0.4,
    "price": 2408.19,
    "priceWithDiscount": 1444.9140
  },
  {
    "car": {
      "make": "Nissan",
      "model": "Altima",
      "travelledDistance": 9223372775807
    },
    "customerName": "Rema Revelle",
    "discount": 0.35,
    "price": 2129.07,
    "priceWithDiscount": 1383.8955
  },
  {
    "car": {
      "make": "Skoda",
      "model": "Citigo",
      "travelledDistance": 2183647
    },
    "customerName": "Francis Mckim",
    "discount": 0.2,
    "price": 5323.09,
    "priceWithDiscount": 4258.4720
  },
  {
    "car": {
      "make": "Citroen",
      "model": "C5",
      "travelledDistance": 2147483647
    },
    "customerName": "Audrea Cardinal",
    "discount": 0.2,
    "price": 1150.59,
    "priceWithDiscount": 920.4720
  },
  {
    "car": {
      "make": "Peugeot",
      "model": "206",
      "travelledDistance": 214647
    },
    "customerName": "Johnette Derryberry",
    "discount": 0.45,
    "price": 986.97,
    "priceWithDiscount": 542.8335
  },
  {
    "car": {
      "make": "Nissan",
      "model": "Versa",
      "travelledDistance": 2143647
    },
    "customerName": "Taina Achenbach",
    "discount": 0.3,
    "price": 5901.44,
    "priceWithDiscount": 4131.0080
  },
  {
    "car": {
      "make": "Ford",
      "model": "Ranger",
      "travelledDistance": 92233775807
    },
    "customerName": "Johnette Derryberry",
    "discount": 0.1,
    "price": 1867.24,
    "priceWithDiscount": 1680.5160
  },
  {
    "car": {
      "make": "Mercedes",
      "model": "W210",
      "travelledDistance": 2147483647
    },
    "customerName": "Sylvie Mcelravy",
    "discount": 0.05,
    "price": 4051.74,
    "priceWithDiscount": 3849.1530
  },
  {
    "car": {
      "make": "Toyota",
      "model": "Prius",
      "travelledDistance": 922337807
    },
    "customerName": "Carole Witman",
    "discount": 0.2,
    "price": 1982.72,
    "priceWithDiscount": 1586.1760
  },
  {
    "car": {
      "make": "Fiat",
      "model": "Panda 4x4",
      "travelledDistance": 922036854775807
    },
    "customerName": "Hipolito Lamoreaux",
    "discount": 0.05,
    "price": 3929.87,
    "priceWithDiscount": 3733.3765
  },
  {
    "car": {
      "make": "Citroen",
      "model": "C1",
      "travelledDistance": 9223775807
    },
    "customerName": "Garret Capron",
    "discount": 0.15,
    "price": 6768.60,
    "priceWithDiscount": 5753.3100
  },
  {
    "car": {
      "make": "Renault",
      "model": "Alaskan",
      "travelledDistance": 2147483647
    },
    "customerName": "Johnette Derryberry",
    "discount": 0.1,
    "price": 1846.91,
    "priceWithDiscount": 1662.2190
  },
  {
    "car": {
      "make": "Skoda",
      "model": "Rapid Spaceback",
      "travelledDistance": 685477580
    },
    "customerName": "Carole Witman",
    "discount": 0.4,
    "price": 2377.31,
    "priceWithDiscount": 1426.3860
  },
  {
    "car": {
      "make": "Citroen",
      "model": "C5",
      "travelledDistance": 2147483647
    },
    "customerName": "Emmitt Benally",
    "discount": 0.1,
    "price": 1150.59,
    "priceWithDiscount": 1035.5310
  },
  {
    "car": {
      "make": "Ford",
      "model": "Fiesta",
      "travelledDistance": 214647
    },
    "customerName": "Natalie Poli",
    "discount": 0,
    "price": 4923.20,
    "priceWithDiscount": 4923.2000
  },
  {
    "car": {
      "make": "Dacia",
      "model": "Sandero",
      "travelledDistance": 2147647
    },
    "customerName": "Carri Knapik",
    "discount": 0.1,
    "price": 5633.25,
    "priceWithDiscount": 5069.9250
  },
  {
    "car": {
      "make": "Ferrari",
      "model": "Daytona",
      "travelledDistance": 922337275807
    },
    "customerName": "Donnetta Soliz",
    "discount": 0.15,
    "price": 2456.87,
    "priceWithDiscount": 2088.3395
  },
  {
    "car": {
      "make": "Ferrari",
      "model": "275",
      "travelledDistance": 92854775807
    },
    "customerName": "Rico Peer",
    "discount": 0.25,
    "price": 2129.37,
    "priceWithDiscount": 1597.0275
  },
  {
    "car": {
      "make": "Citroen",
      "model": "C1",
      "travelledDistance": 922336854775807
    },
    "customerName": "Jimmy Grossi",
    "discount": 0.35,
    "price": 6612.21,
    "priceWithDiscount": 4297.9365
  },
  {
    "car": {
      "make": "Toyota",
      "model": "Tacoma",
      "travelledDistance": 94775807
    },
    "customerName": "Nisha Markwell",
    "discount": 0,
    "price": 1728.90,
    "priceWithDiscount": 1728.9000
  },
  {
    "car": {
      "make": "Toyota",
      "model": "Prius",
      "travelledDistance": 922335807
    },
    "customerName": "Cinthia Lasala",
    "discount": 0.25,
    "price": 5052.26,
    "priceWithDiscount": 3789.1950
  },
  {
    "car": {
      "make": "Alfa Romeo",
      "model": "75",
      "travelledDistance": 72036854775807
    },
    "customerName": "Sylvie Mcelravy",
    "discount": 0.2,
    "price": 2363.48,
    "priceWithDiscount": 1890.7840
  },
  {
    "car": {
      "make": "Lamborghini",
      "model": "Diablo",
      "travelledDistance": 283647
    },
    "customerName": "Kristian Engberg",
    "discount": 0.1,
    "price": 2912.22,
    "priceWithDiscount": 2620.9980
  },
  {
    "car": {
      "make": "Ferrari",
      "model": "250 GTO",
      "travelledDistance": 2183647
    },
    "customerName": "Faustina Burgher",
    "discount": 0.3,
    "price": 2034.65,
    "priceWithDiscount": 1424.2550
  },
  {
    "car": {
      "make": "Citroen",
      "model": "C4",
      "travelledDistance": 92236854775807
    },
    "customerName": "Carri Knapik",
    "discount": 0.15,
    "price": 4768.41,
    "priceWithDiscount": 4053.1485
  },
  {
    "car": {
      "make": "Nissan",
      "model": "GT-R",
      "travelledDistance": 23647
    },
    "customerName": "Hai Everton",
    "discount": 0.25,
    "price": 1753.07,
    "priceWithDiscount": 1314.8025
  },
  {
    "car": {
      "make": "BMW",
      "model": "X6 M",
      "travelledDistance": 922775807
    },
    "customerName": "Kristian Engberg",
    "discount": 0.15,
    "price": 2092.84,
    "priceWithDiscount": 1778.9140
  },
  {
    "car": {
      "make": "Citroen",
      "model": "C8",
      "travelledDistance": 2147447
    },
    "customerName": "Sylvie Mcelravy",
    "discount": 0.05,
    "price": 6384.76,
    "priceWithDiscount": 6065.5220
  },
  {
    "car": {
      "make": "Lamborghini",
      "model": "Diablo",
      "travelledDistance": 2147483647
    },
    "customerName": "Teddy Hobby",
    "discount": 0.1,
    "price": 2058.70,
    "priceWithDiscount": 1852.8300
  },
  {
    "car": {
      "make": "Skoda",
      "model": "Rapid Spaceback",
      "travelledDistance": 685477580
    },
    "customerName": "Louann Holzworth",
    "discount": 0.3,
    "price": 2377.31,
    "priceWithDiscount": 1664.1170
  },
  {
    "car": {
      "make": "Opel",
      "model": "Omega",
      "travelledDistance": 1
    },
    "customerName": "Jimmy Grossi",
    "discount": 0.25,
    "price": 2121.49,
    "priceWithDiscount": 1591.1175
  },
  {
    "car": {
      "make": "Skoda",
      "model": "Fabia",
      "travelledDistance": 214747
    },
    "customerName": "Sylvie Mcelravy",
    "discount": 0.1,
    "price": 1628.46,
    "priceWithDiscount": 1465.6140
  },
  {
    "car": {
      "make": "Dacia",
      "model": "Dokker",
      "travelledDistance": 213647
    },
    "customerName": "Rico Peer",
    "discount": 0.2,
    "price": 1216.68,
    "priceWithDiscount": 973.3440
  },
  {
    "car": {
      "make": "Toyota",
      "model": "Prius",
      "travelledDistance": 922337207
    },
    "customerName": "Rico Peer",
    "discount": 0.45,
    "price": 5557.08,
    "priceWithDiscount": 3056.3940
  },
  {
    "car": {
      "make": "Nissan",
      "model": "GT-R",
      "travelledDistance": 2143647
    },
    "customerName": "Audrea Cardinal",
    "discount": 0.3,
    "price": 2167.44,
    "priceWithDiscount": 1517.2080
  },
  {
    "car": {
      "make": "Citroen",
      "model": "C5",
      "travelledDistance": 922334775807
    },
    "customerName": "Emmitt Benally",
    "discount": 0.05,
    "price": 2197.25,
    "priceWithDiscount": 2087.3875
  },
  {
    "car": {
      "make": "Ford",
      "model": "Torino",
      "travelledDistance": 922337807
    },
    "customerName": "Jimmy Grossi",
    "discount": 0.15,
    "price": 3261.17,
    "priceWithDiscount": 2771.9945
  },
  {
    "car": {
      "make": "Skoda",
      "model": "Rapid",
      "travelledDistance": 2147447
    },
    "customerName": "Hipolito Lamoreaux",
    "discount": 0.05,
    "price": 7150.79,
    "priceWithDiscount": 6793.2505
  },
  {
    "car": {
      "make": "Toyota",
      "model": "Prius",
      "travelledDistance": 92233775807
    },
    "customerName": "Emmitt Benally",
    "discount": 0.15,
    "price": 4396.60,
    "priceWithDiscount": 3737.1100
  },
  {
    "car": {
      "make": "Alfa Romeo",
      "model": "75",
      "travelledDistance": 9223372775807
    },
    "customerName": "Louann Holzworth",
    "discount": 0.4,
    "price": 4937.65,
    "priceWithDiscount": 2962.5900
  },
  {
    "car": {
      "make": "Nissan",
      "model": "370Z",
      "travelledDistance": 21477
    },
    "customerName": "Cinthia Lasala",
    "discount": 0.35,
    "price": 915.81,
    "priceWithDiscount": 595.2765
  },
  {
    "car": {
      "make": "Toyota",
      "model": "Camry Hybrid",
      "travelledDistance": 954775807
    },
    "customerName": "Yvonne Mccalla",
    "discount": 0.15,
    "price": 3251.69,
    "priceWithDiscount": 2763.9365
  },
  {
    "car": {
      "make": "Peugeot",
      "model": "405",
      "travelledDistance": 922854775807
    },
    "customerName": "Ann Mcenaney",
    "discount": 0.05,
    "price": 3655.22,
    "priceWithDiscount": 3472.4590
  },
  {
    "car": {
      "make": "Skoda",
      "model": "Fabia",
      "travelledDistance": 922337203775807
    },
    "customerName": "Johnette Derryberry",
    "discount": 0.35,
    "price": 4395.82,
    "priceWithDiscount": 2857.2830
  },
  {
    "car": {
      "make": "Ford",
      "model": "Ranger",
      "travelledDistance": 9223372007
    },
    "customerName": "Marcelle Griego",
    "discount": 0.15,
    "price": 4942.64,
    "priceWithDiscount": 4201.2440
  },
  {
    "car": {
      "make": "Toyota",
      "model": "Camry Hybrid",
      "travelledDistance": 214647
    },
    "customerName": "Garret Capron",
    "discount": 0,
    "price": 6019.67,
    "priceWithDiscount": 6019.6700
  },
  {
    "car": {
      "make": "Citroen",
      "model": "C1",
      "travelledDistance": 92236854775807
    },
    "customerName": "Marcelle Griego",
    "discount": 0.25,
    "price": 7196.36,
    "priceWithDiscount": 5397.2700
  },
  {
    "car": {
      "make": "Fiat",
      "model": "500L",
      "travelledDistance": 2147647
    },
    "customerName": "Rico Peer",
    "discount": 0.35,
    "price": 1539.83,
    "priceWithDiscount": 1000.8895
  },
  {
    "car": {
      "make": "Fiat",
      "model": "Panda",
      "travelledDistance": 21447
    },
    "customerName": "Carole Witman",
    "discount": 0.3,
    "price": 722.05,
    "priceWithDiscount": 505.4350
  },
  {
    "car": {
      "make": "Dacia",
      "model": "Duster",
      "travelledDistance": 922375807
    },
    "customerName": "Kristian Engberg",
    "discount": 0,
    "price": 4869.34,
    "priceWithDiscount": 4869.3400
  },
  {
    "car": {
      "make": "Rolls-Royce",
      "model": "Phantom Drophead Coupé",
      "travelledDistance": 92233775807
    },
    "customerName": "Rema Revelle",
    "discount": 0.15,
    "price": 4192.56,
    "priceWithDiscount": 3563.6760
  },
  {
    "car": {
      "make": "Toyota",
      "model": "Yaris",
      "travelledDistance": 94775807
    },
    "customerName": "Sylvie Mcelravy",
    "discount": 0.05,
    "price": 1479.43,
    "priceWithDiscount": 1405.4585
  },
  {
    "car": {
      "make": "Nissan",
      "model": "Altima",
      "travelledDistance": 2147
    },
    "customerName": "Daniele Zarate",
    "discount": 0.05,
    "price": 1165.23,
    "priceWithDiscount": 1106.9685
  },
  {
    "car": {
      "make": "Peugeot",
      "model": "306",
      "travelledDistance": 2036854775807
    },
    "customerName": "Hipolito Lamoreaux",
    "discount": 0.25,
    "price": 1728.69,
    "priceWithDiscount": 1296.5175
  },
  {
    "car": {
      "make": "Nissan",
      "model": "370Z",
      "travelledDistance": 21477
    },
    "customerName": "Donnetta Soliz",
    "discount": 0.05,
    "price": 915.81,
    "priceWithDiscount": 870.0195
  },
  {
    "car": {
      "make": "Fiat",
      "model": "500L",
      "travelledDistance": 92233754775807
    },
    "customerName": "Garret Capron",
    "discount": 0.1,
    "price": 7375.52,
    "priceWithDiscount": 6637.9680
  },
  {
    "car": {
      "make": "Toyota",
      "model": "Tacoma",
      "travelledDistance": 247
    },
    "customerName": "Rema Revelle",
    "discount": 0.35,
    "price": 4739.27,
    "priceWithDiscount": 3080.5255
  },
  {
    "car": {
      "make": "Peugeot",
      "model": "206",
      "travelledDistance": 922775807
    },
    "customerName": "Faustina Burgher",
    "discount": 0.3,
    "price": 2989.59,
    "priceWithDiscount": 2092.7130
  },
  {
    "car": {
      "make": "Chevy",
      "model": "Caprice",
      "travelledDistance": 2147647
    },
    "customerName": "Teddy Hobby",
    "discount": 0.05,
    "price": 5432.04,
    "priceWithDiscount": 5160.4380
  },
  {
    "car": {
      "make": "Skoda",
      "model": "Fabia",
      "travelledDistance": 9223372036875807
    },
    "customerName": "Rico Peer",
    "discount": 0.25,
    "price": 2409.89,
    "priceWithDiscount": 1807.4175
  },
  {
    "car": {
      "make": "Seat",
      "model": "Toledo",
      "travelledDistance": 2147647
    },
    "customerName": "Faustina Burgher",
    "discount": 0.4,
    "price": 4053.55,
    "priceWithDiscount": 2432.1300
  },
  {
    "car": {
      "make": "Seat",
      "model": "Ibiza",
      "travelledDistance": 213647
    },
    "customerName": "Oren Perlman",
    "discount": 0.45,
    "price": 11896.93,
    "priceWithDiscount": 6543.3115
  },
  {
    "car": {
      "make": "Peugeot",
      "model": "306",
      "travelledDistance": 2147483647
    },
    "customerName": "Faustina Burgher",
    "discount": 0.3,
    "price": 1298.18,
    "priceWithDiscount": 908.7260
  },
  {
    "car": {
      "make": "Toyota",
      "model": "Tacoma",
      "travelledDistance": 2147
    },
    "customerName": "Rema Revelle",
    "discount": 0.25,
    "price": 9118.92,
    "priceWithDiscount": 6839.1900
  },
  {
    "car": {
      "make": "Seat",
      "model": "Toledo",
      "travelledDistance": 21447
    },
    "customerName": "Daniele Zarate",
    "discount": 0.05,
    "price": 2562.83,
    "priceWithDiscount": 2434.6885
  },
  {
    "car": {
      "make": "Ford",
      "model": "Pinto",
      "travelledDistance": 9854775807
    },
    "customerName": "Taina Achenbach",
    "discount": 0,
    "price": 8118.15,
    "priceWithDiscount": 8118.1500
  },
  {
    "car": {
      "make": "Toyota",
      "model": "Prius",
      "travelledDistance": 92233775807
    },
    "customerName": "Hai Everton",
    "discount": 0.2,
    "price": 5422.08,
    "priceWithDiscount": 4337.6640
  },
  {
    "car": {
      "make": "Mercedes",
      "model": "W210",
      "travelledDistance": 9223372036854775807
    },
    "customerName": "Carri Knapik",
    "discount": 0.25,
    "price": 1210.24,
    "priceWithDiscount": 907.6800
  },
  {
    "car": {
      "make": "BMW",
      "model": "1M Coupe",
      "travelledDistance": 2147
    },
    "customerName": "Audrea Cardinal",
    "discount": 0.2,
    "price": 4526.03,
    "priceWithDiscount": 3620.8240
  },
  {
    "car": {
      "make": "Nissan",
      "model": "Rogue",
      "travelledDistance": 214647
    },
    "customerName": "Ann Mcenaney",
    "discount": 0.1,
    "price": 861.92,
    "priceWithDiscount": 775.7280
  },
  {
    "car": {
      "make": "Mercedes",
      "model": "W212",
      "travelledDistance": 54775807
    },
    "customerName": "Emmitt Benally",
    "discount": 0.35,
    "price": 3268.74,
    "priceWithDiscount": 2124.6810
  },
  {
    "car": {
      "make": "Ford",
      "model": "Pinto",
      "travelledDistance": 922337203
    },
    "customerName": "Johnette Derryberry",
    "discount": 0.05,
    "price": 2791.16,
    "priceWithDiscount": 2651.6020
  },
  {
    "car": {
      "make": "Citroen",
      "model": "C1",
      "travelledDistance": 2147
    },
    "customerName": "Donnetta Soliz",
    "discount": 0.15,
    "price": 886.09,
    "priceWithDiscount": 753.1765
  },
  {
    "car": {
      "make": "Ferrari",
      "model": "F40",
      "travelledDistance": 21447
    },
    "customerName": "Teddy Hobby",
    "discount": 0.15,
    "price": 11676.90,
    "priceWithDiscount": 9925.3650
  },
  {
    "car": {
      "make": "Dacia",
      "model": "Logan",
      "travelledDistance": 9275807
    },
    "customerName": "Faustina Burgher",
    "discount": 0.4,
    "price": 4284.64,
    "priceWithDiscount": 2570.7840
  },
  {
    "car": {
      "make": "Alfa Romeo",
      "model": "164",
      "travelledDistance": 92233775807
    },
    "customerName": "Natalie Poli",
    "discount": 0.05,
    "price": 5938.21,
    "priceWithDiscount": 5641.2995
  },
  {
    "car": {
      "make": "Opel",
      "model": "Vectra",
      "travelledDistance": 9223372854775807
    },
    "customerName": "Hipolito Lamoreaux",
    "discount": 0.15,
    "price": 2585.98,
    "priceWithDiscount": 2198.0830
  },
  {
    "car": {
      "make": "Ford",
      "model": "GT40",
      "travelledDistance": 92233775807
    },
    "customerName": "Garret Capron",
    "discount": 0.2,
    "price": 2048.18,
    "priceWithDiscount": 1638.5440
  },
  {
    "car": {
      "make": "Renault",
      "model": "Alaskan",
      "travelledDistance": 92233720375807
    },
    "customerName": "Teddy Hobby",
    "discount": 0.25,
    "price": 1341.26,
    "priceWithDiscount": 1005.9450
  },
  {
    "car": {
      "make": "Peugeot",
      "model": "405",
      "travelledDistance": 92236854775807
    },
    "customerName": "Rema Revelle",
    "discount": 0.45,
    "price": 1764.46,
    "priceWithDiscount": 970.4530
  },
  {
    "car": {
      "make": "Fiat",
      "model": "Freemont",
      "travelledDistance": 2147647
    },
    "customerName": "Taina Achenbach",
    "discount": 0.2,
    "price": 1547.43,
    "priceWithDiscount": 1237.9440
  },
  {
    "car": {
      "make": "Toyota",
      "model": "Tacoma",
      "travelledDistance": 922337807
    },
    "customerName": "Yvonne Mccalla",
    "discount": 0.05,
    "price": 2029.82,
    "priceWithDiscount": 1928.3290
  },
  {
    "car": {
      "make": "Chevy",
      "model": "Corvette",
      "travelledDistance": 92233720375807
    },
    "customerName": "Daniele Zarate",
    "discount": 0,
    "price": 6259.19,
    "priceWithDiscount": 6259.1900
  },
  {
    "car": {
      "make": "Dacia",
      "model": "Sandero Stepway",
      "travelledDistance": 922337807
    },
    "customerName": "Rema Revelle",
    "discount": 0.2,
    "price": 3081.15,
    "priceWithDiscount": 2464.9200
  },
  {
    "car": {
      "make": "Peugeot",
      "model": "206",
      "travelledDistance": 2147483647
    },
    "customerName": "Sylvie Mcelravy",
    "discount": 0.3,
    "price": 1563.00,
    "priceWithDiscount": 1094.1000
  },
  {
    "car": {
      "make": "Opel",
      "model": "Insignia",
      "travelledDistance": 9223372036854775807
    },
    "customerName": "Daniele Zarate",
    "discount": 0.15,
    "price": 2396.86,
    "priceWithDiscount": 2037.3310
  },
  {
    "car": {
      "make": "Fiat",
      "model": "500L",
      "travelledDistance": 92233754775807
    },
    "customerName": "Yvonne Mccalla",
    "discount": 0.35,
    "price": 7375.52,
    "priceWithDiscount": 4794.0880
  },
  {
    "car": {
      "make": "Nissan",
      "model": "370Z",
      "travelledDistance": 922307
    },
    "customerName": "Taina Achenbach",
    "discount": 0.05,
    "price": 3159.74,
    "priceWithDiscount": 3001.7530
  },
  {
    "car": {
      "make": "Skoda",
      "model": "Fabia",
      "travelledDistance": 214647
    },
    "customerName": "Lino Subia",
    "discount": 0.05,
    "price": 6877.15,
    "priceWithDiscount": 6533.2925
  },
  {
    "car": {
      "make": "BMW",
      "model": "F04",
      "travelledDistance": 483647
    },
    "customerName": "Taina Achenbach",
    "discount": 0,
    "price": 1875.69,
    "priceWithDiscount": 1875.6900
  },
  {
    "car": {
      "make": "Citroen",
      "model": "C4",
      "travelledDistance": 213647
    },
    "customerName": "Carole Witman",
    "discount": 0.4,
    "price": 4619.11,
    "priceWithDiscount": 2771.4660
  },
  {
    "car": {
      "make": "Peugeot",
      "model": "405",
      "travelledDistance": 92233854775807
    },
    "customerName": "Brett Brickley",
    "discount": 0.45,
    "price": 4481.19,
    "priceWithDiscount": 2464.6545
  },
  {
    "car": {
      "make": "Toyota",
      "model": "Prius",
      "travelledDistance": 9223372037
    },
    "customerName": "Taina Achenbach",
    "discount": 0.4,
    "price": 1863.72,
    "priceWithDiscount": 1118.2320
  },
  {
    "car": {
      "make": "Fiat",
      "model": "500 (2007) Abarth 695 Tributo Maserati",
      "travelledDistance": 92236854775807
    },
    "customerName": "Taina Achenbach",
    "discount": 0.1,
    "price": 2697.69,
    "priceWithDiscount": 2427.9210
  },
  {
    "car": {
      "make": "Citroen",
      "model": "Berlingo",
      "travelledDistance": 922354775807
    },
    "customerName": "Daniele Zarate",
    "discount": 0.05,
    "price": 6170.12,
    "priceWithDiscount": 5861.6140
  },
  {
    "car": {
      "make": "Rolls-Royce",
      "model": "Phantom Drophead Coupé",
      "travelledDistance": 922336854775807
    },
    "customerName": "Natalie Poli",
    "discount": 0.3,
    "price": 2079.08,
    "priceWithDiscount": 1455.3560
  },
  {
    "car": {
      "make": "Chevy",
      "model": "Malibu",
      "travelledDistance": 922337775807
    },
    "customerName": "Teddy Hobby",
    "discount": 0.25,
    "price": 2311.49,
    "priceWithDiscount": 1733.6175
  },
  {
    "car": {
      "make": "Seat",
      "model": "Ibiza",
      "travelledDistance": 21474847
    },
    "customerName": "Teddy Hobby",
    "discount": 0.45,
    "price": 1096.09,
    "priceWithDiscount": 602.8495
  },
  {
    "car": {
      "make": "Alfa Romeo",
      "model": "75",
      "travelledDistance": 9223372775807
    },
    "customerName": "Marcelle Griego",
    "discount": 0.25,
    "price": 4937.65,
    "priceWithDiscount": 3703.2375
  },
  {
    "car": {
      "make": "Opel",
      "model": "Astra",
      "travelledDistance": 2147483647
    },
    "customerName": "Sylvie Mcelravy",
    "discount": 0.2,
    "price": 5921.33,
    "priceWithDiscount": 4737.0640
  },
  {
    "car": {
      "make": "Peugeot",
      "model": "405",
      "travelledDistance": 92036854775807
    },
    "customerName": "Oren Perlman",
    "discount": 0.15,
    "price": 2367.25,
    "priceWithDiscount": 2012.1625
  }
]