<?xml version="1.0" encoding="UTF-8" standalone="yes"?>
<customers>
    <customer full-name="Teddy Hobby" bought-cars="10" spent-money="27745.82"/>
    <customer full-name="Faustina Burgher" bought-cars="8" spent-money="26642.43"/>
    <customer full-name="Marcelle Griego" bought-cars="8" spent-money="26277.11"/>
    <customer full-name="Francis Mckim" bought-cars="7" spent-money="23217.09"/>
    <customer full-name="Rema Revelle" bought-cars="6" spent-money="21487.31"/>
    <customer full-name="Jimmy Grossi" bought-cars="6" spent-money="21282.71"/>
    <customer full-name="Carri Knapik" bought-cars="5" spent-money="20454.39"/>
    <customer full-name="Lino Subia" bought-cars="7" spent-money="20350.09"/>
    <customer full-name="Ann Mcenaney" bought-cars="8" spent-money="19093.01"/>
    <customer full-name="Taina Achenbach" bought-cars="6" spent-money="17847.47"/>
    <customer full-name="Oren Perlman" bought-cars="4" spent-money="17685.33"/>
    <customer full-name="Sylvie Mcelravy" bought-cars="7" spent-money="17464.08"/>
    <customer full-name="Emmitt Benally" bought-cars="6" spent-money="17385.89"/>
    <customer full-name="Brett Brickley" bought-cars="5" spent-money="17344.87"/>
    <customer full-name="Yvonne Mccalla" bought-cars="4" spent-money="15270.70"/>
    <customer full-name="Rico Peer" bought-cars="4" spent-money="14560.23"/>
    <customer full-name="Carole Witman" bought-cars="4" spent-money="14192.06"/>
    <customer full-name="Cinthia Lasala" bought-cars="4" spent-money="13795.14"/>
    <customer full-name="Hipolito Lamoreaux" bought-cars="4" spent-money="13334.87"/>
    <customer full-name="Zada Attwood" bought-cars="4" spent-money="12965.87"/>
    <customer full-name="Daniele Zarate" bought-cars="5" spent-money="12324.23"/>
    <customer full-name="Nisha Markwell" bought-cars="2" spent-money="12298.29"/>
    <customer full-name="Hai Everton" bought-cars="3" spent-money="11207.64"/>
    <customer full-name="Kristian Engberg" bought-cars="4" spent-money="10922.28"/>
    <customer full-name="Natalie Poli" bought-cars="4" spent-money="10416.50"/>
    <customer full-name="Johnette Derryberry" bought-cars="4" spent-money="9873.89"/>
    <customer full-name="Audrea Cardinal" bought-cars="3" spent-money="9194.56"/>
    <customer full-name="Garret Capron" bought-cars="4" spent-money="7828.80"/>
    <customer full-name="Donnetta Soliz" bought-cars="2" spent-money="7591.14"/>
    <customer full-name="Louann Holzworth" bought-cars="2" spent-money="6742.51"/>
</customers>
