<?xml version="1.0" encoding="UTF-8" standalone="yes"?>
<sales>
    <sale>
        <car make="Alfa Romeo" model="156" travelled-distance="92233720368547"/>
        <customer-name>Taina Achenbach</customer-name>
        <discount>0.05</discount>
        <price>5317.42</price>
        <price-with-discount>5051.5490</price-with-discount>
    </sale>
    <sale>
        <car make="Renault" model="Duster" travelled-distance="922337203685807"/>
        <customer-name>Lino Subia</customer-name>
        <discount>0.15</discount>
        <price>5808.08</price>
        <price-with-discount>4936.8680</price-with-discount>
    </sale>
    <sale>
        <car make="Renault" model="Duster" travelled-distance="922337203685807"/>
        <customer-name>Carole Witman</customer-name>
        <discount>0.15</discount>
        <price>2688.73</price>
        <price-with-discount>2285.4205</price-with-discount>
    </sale>
    <sale>
        <car make="BMW" model="F04" travelled-distance="483647"/>
        <customer-name>Sylvie Mcelravy</customer-name>
        <discount>0.1</discount>
        <price>2805.97</price>
        <price-with-discount>2525.3730</price-with-discount>
    </sale>
    <sale>
        <car make="Seat" model="Mii" travelled-distance="92236854775807"/>
        <customer-name>Marcelle Griego</customer-name>
        <discount>0.25</discount>
        <price>3879.82</price>
        <price-with-discount>2909.8650</price-with-discount>
    </sale>
    <sale>
        <car make="Great Wall" model="Wingle 5" travelled-distance="214747"/>
        <customer-name>Francis Mckim</customer-name>
        <discount>0.1</discount>
        <price>2100.00</price>
        <price-with-discount>1890.0000</price-with-discount>
    </sale>
    <sale>
        <car make="Ferrari" model="275" travelled-distance="214647"/>
        <customer-name>Sylvie Mcelravy</customer-name>
        <discount>0.15</discount>
        <price>1515.75</price>
        <price-with-discount>1288.3875</price-with-discount>
    </sale>
    <sale>
        <car make="Dacia" model="Sandero Stepway" travelled-distance="922337807"/>
        <customer-name>Emmitt Benally</customer-name>
        <discount>0.45</discount>
        <price>4105.24</price>
        <price-with-discount>2257.8820</price-with-discount>
    </sale>
    <sale>
        <car make="Citroen" model="C8" travelled-distance="92236854775807"/>
        <customer-name>Kristian Engberg</customer-name>
        <discount>0.1</discount>
        <price>6496.69</price>
        <price-with-discount>5847.0210</price-with-discount>
    </sale>
    <sale>
        <car make="Toyota" model="Prius" travelled-distance="92233775807"/>
        <customer-name>Rema Revelle</customer-name>
        <discount>0.35</discount>
        <price>1315.34</price>
        <price-with-discount>854.9710</price-with-discount>
    </sale>
    <sale>
        <car make="Ferrari" model="275" travelled-distance="2147647"/>
        <customer-name>Lino Subia</customer-name>
        <discount>0.1</discount>
        <price>652.47</price>
        <price-with-discount>587.2230</price-with-discount>
    </sale>
    <sale>
        <car make="Citroen" model="C5" travelled-distance="2147483647"/>
        <customer-name>Francis Mckim</customer-name>
        <discount>0.35</discount>
        <price>3967.52</price>
        <price-with-discount>2578.8880</price-with-discount>
    </sale>
    <sale>
        <car make="Toyota" model="Tacoma" travelled-distance="21474647"/>
        <customer-name>Daniele Zarate</customer-name>
        <discount>0.3</discount>
        <price>2221.98</price>
        <price-with-discount>1555.3860</price-with-discount>
    </sale>
    <sale>
        <car make="BMW" model="M6 E63" travelled-distance="92235807"/>
        <customer-name>Yvonne Mccalla</customer-name>
        <discount>0.35</discount>
        <price>868.84</price>
        <price-with-discount>564.7460</price-with-discount>
    </sale>
    <sale>
        <car make="Chevy" model="Caprice" travelled-distance="2147647"/>
        <customer-name>Carri Knapik</customer-name>
        <discount>0.1</discount>
        <price>6772.86</price>
        <price-with-discount>6095.5740</price-with-discount>
    </sale>
    <sale>
        <car make="Lamborghini" model="Murciélago" travelled-distance="2143647"/>
        <customer-name>Ann Mcenaney</customer-name>
        <discount>0.35</discount>
        <price>4207.00</price>
        <price-with-discount>2734.5500</price-with-discount>
    </sale>
    <sale>
        <car make="Seat" model="Toledo" travelled-distance="2147647"/>
        <customer-name>Hipolito Lamoreaux</customer-name>
        <discount>0.05</discount>
        <price>3024.09</price>
        <price-with-discount>2872.8855</price-with-discount>
    </sale>
    <sale>
        <car make="Skoda" model="Rapid" travelled-distance="2147447"/>
        <customer-name>Emmitt Benally</customer-name>
        <discount>0.05</discount>
        <price>3306.74</price>
        <price-with-discount>3141.4030</price-with-discount>
    </sale>
    <sale>
        <car make="Opel" model="Corsa" travelled-distance="2"/>
        <customer-name>Taina Achenbach</customer-name>
        <discount>0.1</discount>
        <price>3355.07</price>
        <price-with-discount>3019.5630</price-with-discount>
    </sale>
    <sale>
        <car make="Seat" model="Ibiza" travelled-distance="21647"/>
        <customer-name>Oren Perlman</customer-name>
        <discount>0.2</discount>
        <price>9463.01</price>
        <price-with-discount>7570.4080</price-with-discount>
    </sale>
    <sale>
        <car make="Fiat" model="500L" travelled-distance="922337203675807"/>
        <customer-name>Nisha Markwell</customer-name>
        <discount>0.05</discount>
        <price>9157.79</price>
        <price-with-discount>8699.9005</price-with-discount>
    </sale>
    <sale>
        <car make="Lamborghini" model="Murciélago" travelled-distance="214783647"/>
        <customer-name>Sylvie Mcelravy</customer-name>
        <discount>0.1</discount>
        <price>5469.18</price>
        <price-with-discount>4922.2620</price-with-discount>
    </sale>
    <sale>
        <car make="Ferrari" model="F430" travelled-distance="92236854775807"/>
        <customer-name>Emmitt Benally</customer-name>
        <discount>0.1</discount>
        <price>3659.04</price>
        <price-with-discount>3293.1360</price-with-discount>
    </sale>
    <sale>
        <car make="BMW" model="F20" travelled-distance="83647"/>
        <customer-name>Lino Subia</customer-name>
        <discount>0.05</discount>
        <price>1585.20</price>
        <price-with-discount>1505.9400</price-with-discount>
    </sale>
    <sale>
        <car make="Opel" model="Kadet" travelled-distance="21474847"/>
        <customer-name>Garret Capron</customer-name>
        <discount>0.2</discount>
        <price>2841.95</price>
        <price-with-discount>2273.5600</price-with-discount>
    </sale>
    <sale>
        <car make="Ford" model="Taurus" travelled-distance="21473647"/>
        <customer-name>Rico Peer</customer-name>
        <discount>0.45</discount>
        <price>8431.48</price>
        <price-with-discount>4637.3140</price-with-discount>
    </sale>
    <sale>
        <car make="BMW" model="X6 M" travelled-distance="483647"/>
        <customer-name>Natalie Poli</customer-name>
        <discount>0</discount>
        <price>3263.10</price>
        <price-with-discount>3263.1000</price-with-discount>
    </sale>
    <sale>
        <car make="Nissan" model="GT-R" travelled-distance="96854775807"/>
        <customer-name>Oren Perlman</customer-name>
        <discount>0.15</discount>
        <price>2889.22</price>
        <price-with-discount>2455.8370</price-with-discount>
    </sale>
    <sale>
        <car make="Renault" model="Duster" travelled-distance="922337203685807"/>
        <customer-name>Lino Subia</customer-name>
        <discount>0.15</discount>
        <price>5808.08</price>
        <price-with-discount>4936.8680</price-with-discount>
    </sale>
    <sale>
        <car make="Rolls-Royce" model="Phantom Drophead Coupé" travelled-distance="92233775807"/>
        <customer-name>Yvonne Mccalla</customer-name>
        <discount>0.15</discount>
        <price>10668.54</price>
        <price-with-discount>9068.2590</price-with-discount>
    </sale>
    <sale>
        <car make="Nissan" model="370Z" travelled-distance="922337205807"/>
        <customer-name>Cinthia Lasala</customer-name>
        <discount>0.45</discount>
        <price>1705.77</price>
        <price-with-discount>938.1735</price-with-discount>
    </sale>
    <sale>
        <car make="Opel" model="Vectra" travelled-distance="2147483647"/>
        <customer-name>Marcelle Griego</customer-name>
        <discount>0.25</discount>
        <price>3357.87</price>
        <price-with-discount>2518.4025</price-with-discount>
    </sale>
    <sale>
        <car make="Mercedes" model="W203" travelled-distance="5807"/>
        <customer-name>Kristian Engberg</customer-name>
        <discount>0.4</discount>
        <price>2086.56</price>
        <price-with-discount>1251.9360</price-with-discount>
    </sale>
    <sale>
        <car make="Nissan" model="GT-R" travelled-distance="2143647"/>
        <customer-name>Carole Witman</customer-name>
        <discount>0.05</discount>
        <price>2976.58</price>
        <price-with-discount>2827.7510</price-with-discount>
    </sale>
    <sale>
        <car make="Nissan" model="370Z" travelled-distance="922775807"/>
        <customer-name>Garret Capron</customer-name>
        <discount>0</discount>
        <price>3841.80</price>
        <price-with-discount>3841.8000</price-with-discount>
    </sale>
    <sale>
        <car make="Fiat" model="Panda 4x4" travelled-distance="2147447"/>
        <customer-name>Ann Mcenaney</customer-name>
        <discount>0.05</discount>
        <price>2636.89</price>
        <price-with-discount>2505.0455</price-with-discount>
    </sale>
    <sale>
        <car make="Citroen" model="C4" travelled-distance="92236854775807"/>
        <customer-name>Sylvie Mcelravy</customer-name>
        <discount>0.4</discount>
        <price>3777.81</price>
        <price-with-discount>2266.6860</price-with-discount>
    </sale>
    <sale>
        <car make="Peugeot" model="306" travelled-distance="2147483647"/>
        <customer-name>Faustina Burgher</customer-name>
        <discount>0.05</discount>
        <price>5828.44</price>
        <price-with-discount>5537.0180</price-with-discount>
    </sale>
    <sale>
        <car make="Great Wall" model="H2" travelled-distance="21647"/>
        <customer-name>Jimmy Grossi</customer-name>
        <discount>0.2</discount>
        <price>5375.52</price>
        <price-with-discount>4300.4160</price-with-discount>
    </sale>
    <sale>
        <car make="Great Wall" model="Haval H6" travelled-distance="214747"/>
        <customer-name>Lino Subia</customer-name>
        <discount>0.1</discount>
        <price>7469.94</price>
        <price-with-discount>6722.9460</price-with-discount>
    </sale>
    <sale>
        <car make="Toyota" model="Corolla" travelled-distance="21477"/>
        <customer-name>Hai Everton</customer-name>
        <discount>0.45</discount>
        <price>3830.67</price>
        <price-with-discount>2106.8685</price-with-discount>
    </sale>
    <sale>
        <car make="Citroen" model="C5" travelled-distance="2147483647"/>
        <customer-name>Taina Achenbach</customer-name>
        <discount>0.1</discount>
        <price>3967.52</price>
        <price-with-discount>3570.7680</price-with-discount>
    </sale>
    <sale>
        <car make="Ford" model="Taurus" travelled-distance="9223375807"/>
        <customer-name>Johnette Derryberry</customer-name>
        <discount>0.45</discount>
        <price>1920.77</price>
        <price-with-discount>1056.4235</price-with-discount>
    </sale>
    <sale>
        <car make="Fiat" model="500 (2007) Abarth 695 Tributo Maserati" travelled-distance="922337205807"/>
        <customer-name>Donnetta Soliz</customer-name>
        <discount>0.2</discount>
        <price>6316.73</price>
        <price-with-discount>5053.3840</price-with-discount>
    </sale>
    <sale>
        <car make="Nissan" model="Versa" travelled-distance="922775807"/>
        <customer-name>Brett Brickley</customer-name>
        <discount>0.05</discount>
        <price>3362.24</price>
        <price-with-discount>3194.1280</price-with-discount>
    </sale>
    <sale>
        <car make="Toyota" model="Prius" travelled-distance="21477"/>
        <customer-name>Donnetta Soliz</customer-name>
        <discount>0.2</discount>
        <price>3172.20</price>
        <price-with-discount>2537.7600</price-with-discount>
    </sale>
    <sale>
        <car make="Nissan" model="Versa" travelled-distance="2143647"/>
        <customer-name>Teddy Hobby</customer-name>
        <discount>0.25</discount>
        <price>2817.97</price>
        <price-with-discount>2113.4775</price-with-discount>
    </sale>
    <sale>
        <car make="Citroen" model="C4" travelled-distance="2147487"/>
        <customer-name>Faustina Burgher</customer-name>
        <discount>0.1</discount>
        <price>980.28</price>
        <price-with-discount>882.2520</price-with-discount>
    </sale>
    <sale>
        <car make="Fiat" model="Panda" travelled-distance="21447"/>
        <customer-name>Daniele Zarate</customer-name>
        <discount>0.15</discount>
        <price>4350.15</price>
        <price-with-discount>3697.6275</price-with-discount>
    </sale>
    <sale>
        <car make="Fiat" model="Panda" travelled-distance="21474837"/>
        <customer-name>Teddy Hobby</customer-name>
        <discount>0.2</discount>
        <price>3999.14</price>
        <price-with-discount>3199.3120</price-with-discount>
    </sale>
    <sale>
        <car make="Nissan" model="370Z" travelled-distance="922307"/>
        <customer-name>Teddy Hobby</customer-name>
        <discount>0.45</discount>
        <price>5293.90</price>
        <price-with-discount>2911.6450</price-with-discount>
    </sale>
    <sale>
        <car make="Skoda" model="Citigo" travelled-distance="214647"/>
        <customer-name>Sylvie Mcelravy</customer-name>
        <discount>0.1</discount>
        <price>1966.75</price>
        <price-with-discount>1770.0750</price-with-discount>
    </sale>
    <sale>
        <car make="Dacia" model="Logan" travelled-distance="9275807"/>
        <customer-name>Rema Revelle</customer-name>
        <discount>0.15</discount>
        <price>7091.15</price>
        <price-with-discount>6027.4775</price-with-discount>
    </sale>
    <sale>
        <car make="Chevy" model="Cruze" travelled-distance="9223372034775807"/>
        <customer-name>Johnette Derryberry</customer-name>
        <discount>0.15</discount>
        <price>8089.17</price>
        <price-with-discount>6875.7945</price-with-discount>
    </sale>
    <sale>
        <car make="Dacia" model="Sandero" travelled-distance="922337254775807"/>
        <customer-name>Hai Everton</customer-name>
        <discount>0.05</discount>
        <price>4071.71</price>
        <price-with-discount>3868.1245</price-with-discount>
    </sale>
    <sale>
        <car make="Mercedes" model="W212" travelled-distance="927"/>
        <customer-name>Teddy Hobby</customer-name>
        <discount>0.45</discount>
        <price>4248.40</price>
        <price-with-discount>2336.6200</price-with-discount>
    </sale>
    <sale>
        <car make="Toyota" model="Camry Hybrid" travelled-distance="2143647"/>
        <customer-name>Faustina Burgher</customer-name>
        <discount>0.4</discount>
        <price>2930.89</price>
        <price-with-discount>1758.5340</price-with-discount>
    </sale>
    <sale>
        <car make="Fiat" model="Freemont" travelled-distance="214647"/>
        <customer-name>Yvonne Mccalla</customer-name>
        <discount>0.35</discount>
        <price>4812.54</price>
        <price-with-discount>3128.1510</price-with-discount>
    </sale>
    <sale>
        <car make="Fiat" model="Panda 4x4 Antarctica" travelled-distance="2183647"/>
        <customer-name>Jimmy Grossi</customer-name>
        <discount>0.05</discount>
        <price>2829.33</price>
        <price-with-discount>2687.8635</price-with-discount>
    </sale>
    <sale>
        <car make="Citroen" model="C1" travelled-distance="924775807"/>
        <customer-name>Marcelle Griego</customer-name>
        <discount>0.15</discount>
        <price>5642.49</price>
        <price-with-discount>4796.1165</price-with-discount>
    </sale>
    <sale>
        <car make="Lamborghini" model="Murciélago" travelled-distance="2143647"/>
        <customer-name>Ann Mcenaney</customer-name>
        <discount>0.05</discount>
        <price>4207.00</price>
        <price-with-discount>3996.6500</price-with-discount>
    </sale>
    <sale>
        <car make="Renault" model="Clio IV" travelled-distance="2147483647"/>
        <customer-name>Louann Holzworth</customer-name>
        <discount>0.3</discount>
        <price>5303.89</price>
        <price-with-discount>3712.7230</price-with-discount>
    </sale>
    <sale>
        <car make="Nissan" model="Versa" travelled-distance="9223775807"/>
        <customer-name>Marcelle Griego</customer-name>
        <discount>0.1</discount>
        <price>3170.04</price>
        <price-with-discount>2853.0360</price-with-discount>
    </sale>
    <sale>
        <car make="Skoda" model="Rapid Spaceback" travelled-distance="685477580"/>
        <customer-name>Brett Brickley</customer-name>
        <discount>0.05</discount>
        <price>4685.89</price>
        <price-with-discount>4451.5955</price-with-discount>
    </sale>
    <sale>
        <car make="Ferrari" model="Daytona" travelled-distance="213647"/>
        <customer-name>Hipolito Lamoreaux</customer-name>
        <discount>0.05</discount>
        <price>6258.46</price>
        <price-with-discount>5945.5370</price-with-discount>
    </sale>
    <sale>
        <car make="Alfa Romeo" model="Giulietta" travelled-distance="2036854775807"/>
        <customer-name>Brett Brickley</customer-name>
        <discount>0.45</discount>
        <price>7768.14</price>
        <price-with-discount>4272.4770</price-with-discount>
    </sale>
    <sale>
        <car make="Skoda" model="Citigo" travelled-distance="2183647"/>
        <customer-name>Cinthia Lasala</customer-name>
        <discount>0.15</discount>
        <price>8321.44</price>
        <price-with-discount>7073.2240</price-with-discount>
    </sale>
    <sale>
        <car make="Seat" model="Toledo" travelled-distance="2147647"/>
        <customer-name>Daniele Zarate</customer-name>
        <discount>0.15</discount>
        <price>3024.09</price>
        <price-with-discount>2570.4765</price-with-discount>
    </sale>
    <sale>
        <car make="Opel" model="Insignia" travelled-distance="9223372036854775807"/>
        <customer-name>Marcelle Griego</customer-name>
        <discount>0.45</discount>
        <price>5413.35</price>
        <price-with-discount>2977.3425</price-with-discount>
    </sale>
    <sale>
        <car make="Peugeot" model="405" travelled-distance="922854775807"/>
        <customer-name>Rema Revelle</customer-name>
        <discount>0.45</discount>
        <price>5175.82</price>
        <price-with-discount>2846.7010</price-with-discount>
    </sale>
    <sale>
        <car make="Mercedes" model="W212" travelled-distance="2147647"/>
        <customer-name>Sylvie Mcelravy</customer-name>
        <discount>0.15</discount>
        <price>1327.99</price>
        <price-with-discount>1128.7915</price-with-discount>
    </sale>
    <sale>
        <car make="Ford" model="Pinto" travelled-distance="922337203"/>
        <customer-name>Ann Mcenaney</customer-name>
        <discount>0.35</discount>
        <price>1100.13</price>
        <price-with-discount>715.0845</price-with-discount>
    </sale>
    <sale>
        <car make="Toyota" model="Camry Hybrid" travelled-distance="214647"/>
        <customer-name>Marcelle Griego</customer-name>
        <discount>0.05</discount>
        <price>4152.88</price>
        <price-with-discount>3945.2360</price-with-discount>
    </sale>
    <sale>
        <car make="Toyota" model="Corolla" travelled-distance="9223854775807"/>
        <customer-name>Ann Mcenaney</customer-name>
        <discount>0.2</discount>
        <price>3992.67</price>
        <price-with-discount>3194.1360</price-with-discount>
    </sale>
    <sale>
        <car make="Ferrari" model="250 GTO" travelled-distance="2183647"/>
        <customer-name>Natalie Poli</customer-name>
        <discount>0.2</discount>
        <price>1983.16</price>
        <price-with-discount>1586.5280</price-with-discount>
    </sale>
    <sale>
        <car make="Toyota" model="Corolla" travelled-distance="975807"/>
        <customer-name>Carole Witman</customer-name>
        <discount>0.1</discount>
        <price>2191.49</price>
        <price-with-discount>1972.3410</price-with-discount>
    </sale>
    <sale>
        <car make="Seat" model="Ibiza" travelled-distance="92234775807"/>
        <customer-name>Francis Mckim</customer-name>
        <discount>0.1</discount>
        <price>3069.19</price>
        <price-with-discount>2762.2710</price-with-discount>
    </sale>
    <sale>
        <car make="Seat" model="Mii" travelled-distance="214747"/>
        <customer-name>Daniele Zarate</customer-name>
        <discount>0.1</discount>
        <price>891.19</price>
        <price-with-discount>802.0710</price-with-discount>
    </sale>
    <sale>
        <car make="Ferrari" model="275" travelled-distance="92854775807"/>
        <customer-name>Hipolito Lamoreaux</customer-name>
        <discount>0.1</discount>
        <price>3452.94</price>
        <price-with-discount>3107.6460</price-with-discount>
    </sale>
    <sale>
        <car make="Fiat" model="Panda 4x4 Antarctica" travelled-distance="2183647"/>
        <customer-name>Jimmy Grossi</customer-name>
        <discount>0.2</discount>
        <price>2829.33</price>
        <price-with-discount>2263.4640</price-with-discount>
    </sale>
    <sale>
        <car make="Opel" model="Vectra" travelled-distance="9223372854775807"/>
        <customer-name>Emmitt Benally</customer-name>
        <discount>0.45</discount>
        <price>4190.65</price>
        <price-with-discount>2304.8575</price-with-discount>
    </sale>
    <sale>
        <car make="Toyota" model="Prius" travelled-distance="283647"/>
        <customer-name>Kristian Engberg</customer-name>
        <discount>0</discount>
        <price>1632.49</price>
        <price-with-discount>1632.4900</price-with-discount>
    </sale>
    <sale>
        <car make="Ford" model="GT40" travelled-distance="92233775807"/>
        <customer-name>Marcelle Griego</customer-name>
        <discount>0.1</discount>
        <price>4191.18</price>
        <price-with-discount>3772.0620</price-with-discount>
    </sale>
    <sale>
        <car make="Opel" model="Omega" travelled-distance="2147483647"/>
        <customer-name>Taina Achenbach</customer-name>
        <discount>0.3</discount>
        <price>4467.36</price>
        <price-with-discount>3127.1520</price-with-discount>
    </sale>
    <sale>
        <car make="Chevy" model="Camaro" travelled-distance="283647"/>
        <customer-name>Ann Mcenaney</customer-name>
        <discount>0.35</discount>
        <price>2596.77</price>
        <price-with-discount>1687.9005</price-with-discount>
    </sale>
    <sale>
        <car make="Nissan" model="Altima" travelled-distance="214747"/>
        <customer-name>Hipolito Lamoreaux</customer-name>
        <discount>0.1</discount>
        <price>1565.33</price>
        <price-with-discount>1408.7970</price-with-discount>
    </sale>
    <sale>
        <car make="Seat" model="Mii" travelled-distance="936854775807"/>
        <customer-name>Taina Achenbach</customer-name>
        <discount>0.05</discount>
        <price>2043.24</price>
        <price-with-discount>1941.0780</price-with-discount>
    </sale>
    <sale>
        <car make="Ford" model="GT40" travelled-distance="92233775807"/>
        <customer-name>Sylvie Mcelravy</customer-name>
        <discount>0.15</discount>
        <price>4191.18</price>
        <price-with-discount>3562.5030</price-with-discount>
    </sale>
    <sale>
        <car make="Mercedes" model="W212" travelled-distance="54775807"/>
        <customer-name>Yvonne Mccalla</customer-name>
        <discount>0.35</discount>
        <price>3860.84</price>
        <price-with-discount>2509.5460</price-with-discount>
    </sale>
    <sale>
        <car make="Chevy" model="Cruze" travelled-distance="9223372034775807"/>
        <customer-name>Oren Perlman</customer-name>
        <discount>0.45</discount>
        <price>8089.17</price>
        <price-with-discount>4449.0435</price-with-discount>
    </sale>
    <sale>
        <car make="BMW" model="F20" travelled-distance="975807"/>
        <customer-name>Johnette Derryberry</customer-name>
        <discount>0.45</discount>
        <price>1462.39</price>
        <price-with-discount>804.3145</price-with-discount>
    </sale>
    <sale>
        <car make="Renault" model="Duster" travelled-distance="922337203685807"/>
        <customer-name>Rema Revelle</customer-name>
        <discount>0.25</discount>
        <price>5808.08</price>
        <price-with-discount>4356.0600</price-with-discount>
    </sale>
    <sale>
        <car make="Fiat" model="Panda 4x4" travelled-distance="922036854775807"/>
        <customer-name>Ann Mcenaney</customer-name>
        <discount>0.1</discount>
        <price>2808.60</price>
        <price-with-discount>2527.7400</price-with-discount>
    </sale>
    <sale>
        <car make="BMW" model="E67" travelled-distance="21447"/>
        <customer-name>Jimmy Grossi</customer-name>
        <discount>0.25</discount>
        <price>3288.43</price>
        <price-with-discount>2466.3225</price-with-discount>
    </sale>
    <sale>
        <car make="Seat" model="Ibiza" travelled-distance="213647"/>
        <customer-name>Cinthia Lasala</customer-name>
        <discount>0.1</discount>
        <price>2898.55</price>
        <price-with-discount>2608.6950</price-with-discount>
    </sale>
    <sale>
        <car make="Fiat" model="Panda 4x4" travelled-distance="92233736854775807"/>
        <customer-name>Audrea Cardinal</customer-name>
        <discount>0.15</discount>
        <price>4950.08</price>
        <price-with-discount>4207.5680</price-with-discount>
    </sale>
    <sale>
        <car make="Ford" model="Fiesta" travelled-distance="214647"/>
        <customer-name>Faustina Burgher</customer-name>
        <discount>0.15</discount>
        <price>2036.23</price>
        <price-with-discount>1730.7955</price-with-discount>
    </sale>
    <sale>
        <car make="Ferrari" model="F430" travelled-distance="2147647"/>
        <customer-name>Carri Knapik</customer-name>
        <discount>0.2</discount>
        <price>3806.39</price>
        <price-with-discount>3045.1120</price-with-discount>
    </sale>
    <sale>
        <car make="Toyota" model="Camry Hybrid" travelled-distance="214647"/>
        <customer-name>Rico Peer</customer-name>
        <discount>0.2</discount>
        <price>3063.25</price>
        <price-with-discount>2450.6000</price-with-discount>
    </sale>
    <sale>
        <car make="Ford" model="Torino" travelled-distance="2147"/>
        <customer-name>Emmitt Benally</customer-name>
        <discount>0.25</discount>
        <price>3373.45</price>
        <price-with-discount>2530.0875</price-with-discount>
    </sale>
    <sale>
        <car make="Opel" model="Vectra" travelled-distance="9223372854775807"/>
        <customer-name>Zada Attwood</customer-name>
        <discount>0.1</discount>
        <price>4190.65</price>
        <price-with-discount>3771.5850</price-with-discount>
    </sale>
    <sale>
        <car make="Ford" model="Fiesta" travelled-distance="214647"/>
        <customer-name>Francis Mckim</customer-name>
        <discount>0.35</discount>
        <price>2036.23</price>
        <price-with-discount>1323.5495</price-with-discount>
    </sale>
    <sale>
        <car make="Fiat" model="500 (2007) Abarth 695 Tributo Maserati" travelled-distance="92236854775807"/>
        <customer-name>Zada Attwood</customer-name>
        <discount>0.05</discount>
        <price>4837.47</price>
        <price-with-discount>4595.5965</price-with-discount>
    </sale>
    <sale>
        <car make="Toyota" model="Camry Hybrid" travelled-distance="92275807"/>
        <customer-name>Audrea Cardinal</customer-name>
        <discount>0.05</discount>
        <price>1626.92</price>
        <price-with-discount>1545.5740</price-with-discount>
    </sale>
    <sale>
        <car make="Fiat" model="500L" travelled-distance="92233754775807"/>
        <customer-name>Nisha Markwell</customer-name>
        <discount>0.15</discount>
        <price>4233.40</price>
        <price-with-discount>3598.3900</price-with-discount>
    </sale>
    <sale>
        <car make="Seat" model="Toledo" travelled-distance="21447"/>
        <customer-name>Faustina Burgher</customer-name>
        <discount>0.15</discount>
        <price>4371.07</price>
        <price-with-discount>3715.4095</price-with-discount>
    </sale>
    <sale>
        <car make="BMW" model="X6 M" travelled-distance="922775807"/>
        <customer-name>Kristian Engberg</customer-name>
        <discount>0.3</discount>
        <price>3129.76</price>
        <price-with-discount>2190.8320</price-with-discount>
    </sale>
    <sale>
        <car make="Ferrari" model="275" travelled-distance="2147647"/>
        <customer-name>Teddy Hobby</customer-name>
        <discount>0.1</discount>
        <price>652.47</price>
        <price-with-discount>587.2230</price-with-discount>
    </sale>
    <sale>
        <car make="Fiat" model="500L" travelled-distance="92233754775807"/>
        <customer-name>Cinthia Lasala</customer-name>
        <discount>0.25</discount>
        <price>4233.40</price>
        <price-with-discount>3175.0500</price-with-discount>
    </sale>
    <sale>
        <car make="Ford" model="GT40" travelled-distance="9223377"/>
        <customer-name>Francis Mckim</customer-name>
        <discount>0.35</discount>
        <price>4332.81</price>
        <price-with-discount>2816.3265</price-with-discount>
    </sale>
    <sale>
        <car make="Rolls-Royce" model="Wraith" travelled-distance="2147483647"/>
        <customer-name>Carri Knapik</customer-name>
        <discount>0.25</discount>
        <price>4932.55</price>
        <price-with-discount>3699.4125</price-with-discount>
    </sale>
    <sale>
        <car make="Nissan" model="Altima" travelled-distance="92233707"/>
        <customer-name>Emmitt Benally</customer-name>
        <discount>0.2</discount>
        <price>4823.16</price>
        <price-with-discount>3858.5280</price-with-discount>
    </sale>
    <sale>
        <car make="Alfa Romeo" model="Alfetta" travelled-distance="92233720775807"/>
        <customer-name>Carole Witman</customer-name>
        <discount>0.1</discount>
        <price>7896.16</price>
        <price-with-discount>7106.5440</price-with-discount>
    </sale>
    <sale>
        <car make="Peugeot" model="206" travelled-distance="21474647"/>
        <customer-name>Garret Capron</customer-name>
        <discount>0.4</discount>
        <price>1393.34</price>
        <price-with-discount>836.0040</price-with-discount>
    </sale>
    <sale>
        <car make="Skoda" model="Fabia" travelled-distance="9223372036875807"/>
        <customer-name>Rema Revelle</customer-name>
        <discount>0.35</discount>
        <price>7111.47</price>
        <price-with-discount>4622.4555</price-with-discount>
    </sale>
    <sale>
        <car make="Toyota" model="Tacoma" travelled-distance="9225807"/>
        <customer-name>Teddy Hobby</customer-name>
        <discount>0.2</discount>
        <price>4576.79</price>
        <price-with-discount>3661.4320</price-with-discount>
    </sale>
    <sale>
        <car make="Lamborghini" model="Murciélago" travelled-distance="2143647"/>
        <customer-name>Teddy Hobby</customer-name>
        <discount>0.15</discount>
        <price>4207.00</price>
        <price-with-discount>3575.9500</price-with-discount>
    </sale>
    <sale>
        <car make="Peugeot" model="407" travelled-distance="9223372775807"/>
        <customer-name>Zada Attwood</customer-name>
        <discount>0.1</discount>
        <price>3968.76</price>
        <price-with-discount>3571.8840</price-with-discount>
    </sale>
    <sale>
        <car make="Mercedes" model="W212" travelled-distance="927"/>
        <customer-name>Natalie Poli</customer-name>
        <discount>0.4</discount>
        <price>4248.40</price>
        <price-with-discount>2549.0400</price-with-discount>
    </sale>
    <sale>
        <car make="Toyota" model="Camry Hybrid" travelled-distance="2143647"/>
        <customer-name>Rico Peer</customer-name>
        <discount>0.45</discount>
        <price>2930.89</price>
        <price-with-discount>1611.9895</price-with-discount>
    </sale>
    <sale>
        <car make="Peugeot" model="407" travelled-distance="854775807"/>
        <customer-name>Teddy Hobby</customer-name>
        <discount>0.1</discount>
        <price>1591.06</price>
        <price-with-discount>1431.9540</price-with-discount>
    </sale>
    <sale>
        <car make="Ford" model="Pinto" travelled-distance="9223807"/>
        <customer-name>Teddy Hobby</customer-name>
        <discount>0.2</discount>
        <price>3413.57</price>
        <price-with-discount>2730.8560</price-with-discount>
    </sale>
    <sale>
        <car make="Ferrari" model="250 GTO" travelled-distance="213647"/>
        <customer-name>Jimmy Grossi</customer-name>
        <discount>0.15</discount>
        <price>7888.89</price>
        <price-with-discount>6705.5565</price-with-discount>
    </sale>
    <sale>
        <car make="Chevy" model="Camaro" travelled-distance="922335807"/>
        <customer-name>Audrea Cardinal</customer-name>
        <discount>0.1</discount>
        <price>3823.80</price>
        <price-with-discount>3441.4200</price-with-discount>
    </sale>
    <sale>
        <car make="Ford" model="Pinto" travelled-distance="922337807"/>
        <customer-name>Lino Subia</customer-name>
        <discount>0.2</discount>
        <price>1010.82</price>
        <price-with-discount>808.6560</price-with-discount>
    </sale>
    <sale>
        <car make="Skoda" model="Fabia" travelled-distance="92233720368807"/>
        <customer-name>Johnette Derryberry</customer-name>
        <discount>0.15</discount>
        <price>1338.07</price>
        <price-with-discount>1137.3595</price-with-discount>
    </sale>
    <sale>
        <car make="Chevy" model="Caprice" travelled-distance="9223372034775807"/>
        <customer-name>Francis Mckim</customer-name>
        <discount>0.05</discount>
        <price>3793.73</price>
        <price-with-discount>3604.0435</price-with-discount>
    </sale>
    <sale>
        <car make="Alfa Romeo" model="Giulietta" travelled-distance="21474847"/>
        <customer-name>Faustina Burgher</customer-name>
        <discount>0</discount>
        <price>6454.40</price>
        <price-with-discount>6454.4000</price-with-discount>
    </sale>
    <sale>
        <car make="Toyota" model="Tacoma" travelled-distance="922337807"/>
        <customer-name>Hai Everton</customer-name>
        <discount>0.1</discount>
        <price>5814.05</price>
        <price-with-discount>5232.6450</price-with-discount>
    </sale>
    <sale>
        <car make="Ferrari" model="F40" travelled-distance="214647"/>
        <customer-name>Faustina Burgher</customer-name>
        <discount>0.3</discount>
        <price>6872.61</price>
        <price-with-discount>4810.8270</price-with-discount>
    </sale>
    <sale>
        <car make="Fiat" model="Panda 4x4" travelled-distance="2147447"/>
        <customer-name>Marcelle Griego</customer-name>
        <discount>0.05</discount>
        <price>2636.89</price>
        <price-with-discount>2505.0455</price-with-discount>
    </sale>
    <sale>
        <car make="Opel" model="Omega" travelled-distance="1"/>
        <customer-name>Carri Knapik</customer-name>
        <discount>0.1</discount>
        <price>5697.78</price>
        <price-with-discount>5128.0020</price-with-discount>
    </sale>
    <sale>
        <car make="Citroen" model="C8" travelled-distance="92236854775807"/>
        <customer-name>Teddy Hobby</customer-name>
        <discount>0.2</discount>
        <price>6496.69</price>
        <price-with-discount>5197.3520</price-with-discount>
    </sale>
    <sale>
        <car make="Alfa Romeo" model="75" travelled-distance="72036854775807"/>
        <customer-name>Lino Subia</customer-name>
        <discount>0.2</discount>
        <price>1064.49</price>
        <price-with-discount>851.5920</price-with-discount>
    </sale>
    <sale>
        <car make="Fiat" model="500L" travelled-distance="922337203675807"/>
        <customer-name>Francis Mckim</customer-name>
        <discount>0.1</discount>
        <price>9157.79</price>
        <price-with-discount>8242.0110</price-with-discount>
    </sale>
    <sale>
        <car make="Skoda" model="Rapid" travelled-distance="2147447"/>
        <customer-name>Brett Brickley</customer-name>
        <discount>0.1</discount>
        <price>3306.74</price>
        <price-with-discount>2976.0660</price-with-discount>
    </sale>
    <sale>
        <car make="Ford" model="Pinto" travelled-distance="9854775807"/>
        <customer-name>Jimmy Grossi</customer-name>
        <discount>0.35</discount>
        <price>4398.59</price>
        <price-with-discount>2859.0835</price-with-discount>
    </sale>
    <sale>
        <car make="Toyota" model="Prius" travelled-distance="922337807"/>
        <customer-name>Ann Mcenaney</customer-name>
        <discount>0.45</discount>
        <price>3148.91</price>
        <price-with-discount>1731.9005</price-with-discount>
    </sale>
    <sale>
        <car make="Toyota" model="Tacoma" travelled-distance="927"/>
        <customer-name>Rema Revelle</customer-name>
        <discount>0.25</discount>
        <price>3706.19</price>
        <price-with-discount>2779.6425</price-with-discount>
    </sale>
    <sale>
        <car make="Skoda" model="Fabia" travelled-distance="92233720368807"/>
        <customer-name>Taina Achenbach</customer-name>
        <discount>0.15</discount>
        <price>1338.07</price>
        <price-with-discount>1137.3595</price-with-discount>
    </sale>
    <sale>
        <car make="Toyota" model="Corolla" travelled-distance="975807"/>
        <customer-name>Faustina Burgher</customer-name>
        <discount>0.2</discount>
        <price>2191.49</price>
        <price-with-discount>1753.1920</price-with-discount>
    </sale>
    <sale>
        <car make="Nissan" model="Altima" travelled-distance="2147483647"/>
        <customer-name>Louann Holzworth</customer-name>
        <discount>0.05</discount>
        <price>3189.25</price>
        <price-with-discount>3029.7875</price-with-discount>
    </sale>
    <sale>
        <car make="Toyota" model="Camry Hybrid" travelled-distance="214647"/>
        <customer-name>Brett Brickley</customer-name>
        <discount>0.2</discount>
        <price>3063.25</price>
        <price-with-discount>2450.6000</price-with-discount>
    </sale>
    <sale>
        <car make="Toyota" model="Prius" travelled-distance="922337203685"/>
        <customer-name>Natalie Poli</customer-name>
        <discount>0.15</discount>
        <price>3550.39</price>
        <price-with-discount>3017.8315</price-with-discount>
    </sale>
    <sale>
        <car make="Chevy" model="Impala" travelled-distance="214748347"/>
        <customer-name>Rico Peer</customer-name>
        <discount>0.05</discount>
        <price>6168.76</price>
        <price-with-discount>5860.3220</price-with-discount>
    </sale>
    <sale>
        <car make="BMW" model="F20" travelled-distance="975807"/>
        <customer-name>Garret Capron</customer-name>
        <discount>0.4</discount>
        <price>1462.39</price>
        <price-with-discount>877.4340</price-with-discount>
    </sale>
    <sale>
        <car make="Chevy" model="Malibu" travelled-distance="92233854775807"/>
        <customer-name>Oren Perlman</customer-name>
        <discount>0.2</discount>
        <price>4012.55</price>
        <price-with-discount>3210.0400</price-with-discount>
    </sale>
    <sale>
        <car make="Peugeot" model="308" travelled-distance="23647"/>
        <customer-name>Zada Attwood</customer-name>
        <discount>0.15</discount>
        <price>1208.01</price>
        <price-with-discount>1026.8085</price-with-discount>
    </sale>
    <sale>
        <car make="Seat" model="Mii" travelled-distance="214783647"/>
        <customer-name>Carri Knapik</customer-name>
        <discount>0.05</discount>
        <price>2617.15</price>
        <price-with-discount>2486.2925</price-with-discount>
    </sale>
    <sale>
        <car make="Mercedes" model="W210" travelled-distance="2147483647"/>
        <customer-name>Daniele Zarate</customer-name>
        <discount>0.15</discount>
        <price>4351.37</price>
        <price-with-discount>3698.6645</price-with-discount>
    </sale>
</sales>
