<?xml version="1.0" encoding="UTF-8" standalone="yes"?>
<users>
    <user first-name="Gloria" last-name="Alexander">
        <sold-products>
            <name>Isosorbide Mononitrate</name>
            <price>789.91</price>
            <buyer-first-name>Chris</buyer-first-name>
            <buyer-last-name>Mitchell</buyer-last-name>
        </sold-products>
        <sold-products>
            <name>PRIMAXIN</name>
            <price>686.66</price>
            <buyer-first-name>Joshua</buyer-first-name>
            <buyer-last-name>Murray</buyer-last-name>
        </sold-products>
        <sold-products>
            <name>Zonisamide</name>
            <price>1305.41</price>
            <buyer-first-name>Patrick</buyer-first-name>
            <buyer-last-name>King</buyer-last-name>
        </sold-products>
    </user>
    <user first-name="Fred" last-name="Allen">
        <sold-products>
            <name>Moore Medical Sinus Pain and Pressure Relief</name>
            <price>855.39</price>
            <buyer-last-name>Harrison</buyer-last-name>
        </sold-products>
        <sold-products>
            <name>LV-FX</name>
            <price>820.87</price>
            <buyer-last-name>Harrison</buyer-last-name>
        </sold-products>
        <sold-products>
            <name>Enalapril Maleate</name>
            <price>72.71</price>
            <buyer-last-name>Fox</buyer-last-name>
        </sold-products>
        <sold-products>
            <name>Imipramine Hydrochloride</name>
            <price>648.69</price>
            <buyer-first-name>Bonnie</buyer-first-name>
            <buyer-last-name>Fox</buyer-last-name>
        </sold-products>
    </user>
    <user last-name="Baker">
        <sold-products>
            <name>Prednisone</name>
            <price>550.72</price>
            <buyer-first-name>Carl</buyer-first-name>
            <buyer-last-name>Daniels</buyer-last-name>
        </sold-products>
        <sold-products>
            <name>MEDICATED DANDRUFF</name>
            <price>1351.02</price>
            <buyer-last-name>Cunningham</buyer-last-name>
        </sold-products>
        <sold-products>
            <name>AMARANTHUS PALMERI POLLEN</name>
            <price>623.16</price>
            <buyer-first-name>Patrick</buyer-first-name>
            <buyer-last-name>King</buyer-last-name>
        </sold-products>
    </user>
    <user first-name="Fred" last-name="Barnes">
        <sold-products>
            <name>Gemcitabine</name>
            <price>594.79</price>
            <buyer-first-name>Eugene</buyer-first-name>
            <buyer-last-name>Stewart</buyer-last-name>
        </sold-products>
        <sold-products>
            <name>Foaming Hand Sanitizer</name>
            <price>624.72</price>
            <buyer-first-name>Fred</buyer-first-name>
            <buyer-last-name>Allen</buyer-last-name>
        </sold-products>
        <sold-products>
            <name>ESIKA</name>
            <price>879.37</price>
            <buyer-first-name>Anna</buyer-first-name>
            <buyer-last-name>Clark</buyer-last-name>
        </sold-products>
    </user>
    <user last-name="Bennett">
        <sold-products>
            <name>Head and Shoulders Conditioner</name>
            <price>1099.59</price>
            <buyer-first-name>Emily</buyer-first-name>
            <buyer-last-name>Parker</buyer-last-name>
        </sold-products>
        <sold-products>
            <name>Topiramate</name>
            <price>578.77</price>
            <buyer-first-name>Patrick</buyer-first-name>
            <buyer-last-name>King</buyer-last-name>
        </sold-products>
    </user>
    <user first-name="Doris" last-name="Cook">
        <sold-products>
            <name>PredniSONE</name>
            <price>286.43</price>
            <buyer-first-name>Clarence</buyer-first-name>
            <buyer-last-name>Fowler</buyer-last-name>
        </sold-products>
        <sold-products>
            <name>Fair Foundation SPF 15</name>
            <price>1394.24</price>
            <buyer-first-name>Chris</buyer-first-name>
            <buyer-last-name>Mitchell</buyer-last-name>
        </sold-products>
        <sold-products>
            <name>Glipizide and Metformin Hydrochloride</name>
            <price>953.60</price>
            <buyer-first-name>Bonnie</buyer-first-name>
            <buyer-last-name>Fox</buyer-last-name>
        </sold-products>
        <sold-products>
            <name>Etodolac</name>
            <price>1443.13</price>
            <buyer-first-name>Nicole</buyer-first-name>
            <buyer-last-name>Harris</buyer-last-name>
        </sold-products>
        <sold-products>
            <name>Smooth texture Orange flavor</name>
            <price>976.65</price>
            <buyer-first-name>Jacqueline</buyer-first-name>
            <buyer-last-name>Perez</buyer-last-name>
        </sold-products>
        <sold-products>
            <name>Allopurinol</name>
            <price>48.80</price>
            <buyer-first-name>Jeremy</buyer-first-name>
            <buyer-last-name>Woods</buyer-last-name>
        </sold-products>
        <sold-products>
            <name>Budpak Hemorrhoid Anesthetic</name>
            <price>1499.29</price>
            <buyer-first-name>Joshua</buyer-first-name>
            <buyer-last-name>Murray</buyer-last-name>
        </sold-products>
    </user>
    <user first-name="Patricia" last-name="Cooper">
        <sold-products>
            <name>Leg Cramp Relief</name>
            <price>1345.69</price>
            <buyer-first-name>Jean</buyer-first-name>
            <buyer-last-name>Henry</buyer-last-name>
        </sold-products>
        <sold-products>
            <name>EMEND</name>
            <price>1365.51</price>
            <buyer-first-name>Jean</buyer-first-name>
            <buyer-last-name>Henry</buyer-last-name>
        </sold-products>
        <sold-products>
            <name>ORCHID SECRET PACT</name>
            <price>59.53</price>
            <buyer-first-name>Diana</buyer-first-name>
            <buyer-last-name>Harvey</buyer-last-name>
        </sold-products>
        <sold-products>
            <name>Buprenorphine hydrochloride and naloxone hydrochloride dihydrate</name>
            <price>293.33</price>
            <buyer-first-name>Patrick</buyer-first-name>
            <buyer-last-name>King</buyer-last-name>
        </sold-products>
        <sold-products>
            <name>Finasteride</name>
            <price>1374.01</price>
            <buyer-first-name>Patricia</buyer-first-name>
            <buyer-last-name>Fuller</buyer-last-name>
        </sold-products>
        <sold-products>
            <name>Ondansetron</name>
            <price>1249.76</price>
            <buyer-first-name>Jean</buyer-first-name>
            <buyer-last-name>Henry</buyer-last-name>
        </sold-products>
        <sold-products>
            <name>CLARINS Ever Matte SPF 15 - 105 Nude</name>
            <price>696.06</price>
            <buyer-first-name>Nicole</buyer-first-name>
            <buyer-last-name>Martinez</buyer-last-name>
        </sold-products>
    </user>
    <user last-name="Cunningham">
        <sold-products>
            <name>Prednisone</name>
            <price>1285.99</price>
            <buyer-first-name>Carl</buyer-first-name>
            <buyer-last-name>Daniels</buyer-last-name>
        </sold-products>
        <sold-products>
            <name>Phenylephrine HCl</name>
            <price>459.89</price>
            <buyer-first-name>Clarence</buyer-first-name>
            <buyer-last-name>Fowler</buyer-last-name>
        </sold-products>
        <sold-products>
            <name>Metformin Hydrochloride</name>
            <price>953.99</price>
            <buyer-first-name>Joshua</buyer-first-name>
            <buyer-last-name>Murray</buyer-last-name>
        </sold-products>
        <sold-products>
            <name>Carbon Dioxide Oxygen Mixture</name>
            <price>95.49</price>
            <buyer-first-name>Bonnie</buyer-first-name>
            <buyer-last-name>Fox</buyer-last-name>
        </sold-products>
        <sold-products>
            <name>Extra Strength Pain Reliever PM</name>
            <price>542.72</price>
            <buyer-first-name>Brenda</buyer-first-name>
            <buyer-last-name>Howell</buyer-last-name>
        </sold-products>
    </user>
    <user first-name="Carl" last-name="Daniels">
        <sold-products>
            <name>leader pain reliever</name>
            <price>1179.79</price>
            <buyer-first-name>Billy</buyer-first-name>
            <buyer-last-name>Parker</buyer-last-name>
        </sold-products>
        <sold-products>
            <name>Baza Antifungal</name>
            <price>1162.34</price>
            <buyer-last-name>Mitchell</buyer-last-name>
        </sold-products>
    </user>
    <user first-name="Sarah" last-name="Day">
        <sold-products>
            <name>Echinacea Quartz Gum Support</name>
            <price>570.08</price>
            <buyer-first-name>Emily</buyer-first-name>
            <buyer-last-name>Parker</buyer-last-name>
        </sold-products>
        <sold-products>
            <name>Etomidate</name>
            <price>393.94</price>
            <buyer-first-name>Doris</buyer-first-name>
            <buyer-last-name>Cook</buyer-last-name>
        </sold-products>
        <sold-products>
            <name>Shopko Lip Treatment</name>
            <price>861.42</price>
            <buyer-last-name>Harrison</buyer-last-name>
        </sold-products>
        <sold-products>
            <name>ENBREL</name>
            <price>673.97</price>
            <buyer-first-name>Billy</buyer-first-name>
            <buyer-last-name>Parker</buyer-last-name>
        </sold-products>
        <sold-products>
            <name>Warfarin Sodium</name>
            <price>138.83</price>
            <buyer-first-name>Clarence</buyer-first-name>
            <buyer-last-name>Fowler</buyer-last-name>
        </sold-products>
    </user>
    <user first-name="Clarence" last-name="Fowler">
        <sold-products>
            <name>GEMCITABINE</name>
            <price>1468.11</price>
            <buyer-first-name>Ann</buyer-first-name>
            <buyer-last-name>Stevens</buyer-last-name>
        </sold-products>
        <sold-products>
            <name>Warfarin Sodium</name>
            <price>770.05</price>
            <buyer-first-name>Gloria</buyer-first-name>
            <buyer-last-name>Alexander</buyer-last-name>
        </sold-products>
    </user>
    <user last-name="Fox">
        <sold-products>
            <name>Aquafresh</name>
            <price>849.93</price>
            <buyer-first-name>Clarence</buyer-first-name>
            <buyer-last-name>Fowler</buyer-last-name>
        </sold-products>
        <sold-products>
            <name>Pleo Ginkgo</name>
            <price>613.65</price>
            <buyer-first-name>Sarah</buyer-first-name>
            <buyer-last-name>Day</buyer-last-name>
        </sold-products>
        <sold-products>
            <name>Acetic Acid</name>
            <price>1060.43</price>
            <buyer-first-name>Jonathan</buyer-first-name>
            <buyer-last-name>Rodriguez</buyer-last-name>
        </sold-products>
        <sold-products>
            <name>Topex</name>
            <price>1258.49</price>
            <buyer-first-name>Christina</buyer-first-name>
            <buyer-last-name>Patterson</buyer-last-name>
        </sold-products>
    </user>
    <user first-name="Bonnie" last-name="Fox">
        <sold-products>
            <name>Ibuprofen</name>
            <price>1305.96</price>
            <buyer-last-name>Lawson</buyer-last-name>
        </sold-products>
        <sold-products>
            <name>CARBIDOPA AND LEVODOPA</name>
            <price>441.64</price>
            <buyer-first-name>Betty</buyer-first-name>
            <buyer-last-name>Lawson</buyer-last-name>
        </sold-products>
        <sold-products>
            <name>Yellow Jacket hymenoptera venom Venomil Diagnostic</name>
            <price>23.58</price>
            <buyer-last-name>Cunningham</buyer-last-name>
        </sold-products>
        <sold-products>
            <name>Cefadroxil</name>
            <price>1302.20</price>
            <buyer-last-name>Thompson</buyer-last-name>
        </sold-products>
        <sold-products>
            <name>Warfarin Sodium</name>
            <price>1379.79</price>
            <buyer-last-name>Stewart</buyer-last-name>
        </sold-products>
    </user>
    <user first-name="Amanda" last-name="Frazier">
        <sold-products>
            <name>AVANDAMET</name>
            <price>632.08</price>
            <buyer-first-name>Jacqueline</buyer-first-name>
            <buyer-last-name>Perez</buyer-last-name>
        </sold-products>
    </user>
    <user first-name="Brandon" last-name="Fuller">
        <sold-products>
            <name>Labetalol hydrochloride</name>
            <price>436.38</price>
            <buyer-first-name>Ann</buyer-first-name>
            <buyer-last-name>Stevens</buyer-last-name>
        </sold-products>
        <sold-products>
            <name>Goats Milk</name>
            <price>298.53</price>
            <buyer-last-name>Baker</buyer-last-name>
        </sold-products>
        <sold-products>
            <name>Amitriptyline Hydrochloride</name>
            <price>1453.96</price>
            <buyer-first-name>Jonathan</buyer-first-name>
            <buyer-last-name>Rodriguez</buyer-last-name>
        </sold-products>
        <sold-products>
            <name>Childrens Allegra Allergy</name>
            <price>650.97</price>
            <buyer-first-name>Fred</buyer-first-name>
            <buyer-last-name>Allen</buyer-last-name>
        </sold-products>
    </user>
    <user first-name="Patricia" last-name="Fuller">
        <sold-products>
            <name>PAMO Kill Natural</name>
            <price>1181.06</price>
            <buyer-first-name>Eugene</buyer-first-name>
            <buyer-last-name>Stewart</buyer-last-name>
        </sold-products>
        <sold-products>
            <name>No7 Protect and Perfect Foundation Sunscreen Broad Spectrum SPF 15 Cool Ivory</name>
            <price>616.19</price>
            <buyer-first-name>Chris</buyer-first-name>
            <buyer-last-name>Mitchell</buyer-last-name>
        </sold-products>
        <sold-products>
            <name>Hydralazine Hydrochloride</name>
            <price>1309.72</price>
            <buyer-first-name>Billy</buyer-first-name>
            <buyer-last-name>Parker</buyer-last-name>
        </sold-products>
    </user>
    <user first-name="Kathy" last-name="Gilbert">
        <sold-products>
            <name>RESCRIPTOR</name>
            <price>850.52</price>
            <buyer-last-name>Baker</buyer-last-name>
        </sold-products>
    </user>
    <user first-name="Christine" last-name="Gomez">
        <sold-products>
            <name>Prostate</name>
            <price>716.05</price>
            <buyer-last-name>Cunningham</buyer-last-name>
        </sold-products>
        <sold-products>
            <name>Retin-A MICRO</name>
            <price>995.98</price>
            <buyer-first-name>Sandra</buyer-first-name>
            <buyer-last-name>Riley</buyer-last-name>
        </sold-products>
        <sold-products>
            <name>Clarins Paris Skin Illusion - 114 cappuccino</name>
            <price>811.42</price>
            <buyer-last-name>Lawson</buyer-last-name>
        </sold-products>
    </user>
    <user first-name="Nicole" last-name="Harris">
        <sold-products>
            <name>Meloxicam</name>
            <price>809.18</price>
            <buyer-first-name>Marie</buyer-first-name>
            <buyer-last-name>Williamson</buyer-last-name>
        </sold-products>
        <sold-products>
            <name>DAYWEAR PLUS MULTI PROTECTION TINTED MOISTURIZER</name>
            <price>555.12</price>
            <buyer-first-name>Rachel</buyer-first-name>
            <buyer-last-name>Johnson</buyer-last-name>
        </sold-products>
    </user>
    <user first-name="Wanda" last-name="Harris">
        <sold-products>
            <name>Amlodipine Besylate</name>
            <price>122.57</price>
            <buyer-first-name>Nicole</buyer-first-name>
            <buyer-last-name>Martinez</buyer-last-name>
        </sold-products>
        <sold-products>
            <name>Growing Pains</name>
            <price>1077.37</price>
            <buyer-first-name>Arthur</buyer-first-name>
            <buyer-last-name>Reynolds</buyer-last-name>
        </sold-products>
    </user>
    <user last-name="Harrison">
        <sold-products>
            <name>Burn Jel</name>
            <price>209.57</price>
            <buyer-last-name>Peterson</buyer-last-name>
        </sold-products>
        <sold-products>
            <name>PCA SKIN ACNE</name>
            <price>1356.22</price>
            <buyer-last-name>Peterson</buyer-last-name>
        </sold-products>
        <sold-products>
            <name>LANEIGE MYSTIC VEIL FOUNDATION</name>
            <price>20.86</price>
            <buyer-first-name>Betty</buyer-first-name>
            <buyer-last-name>Ward</buyer-last-name>
        </sold-products>
        <sold-products>
            <name>up and up temporary minor arthritis pain relief</name>
            <price>1085.78</price>
            <buyer-first-name>Betty</buyer-first-name>
            <buyer-last-name>Ward</buyer-last-name>
        </sold-products>
    </user>
    <user first-name="Diana" last-name="Harvey">
        <sold-products>
            <name>Archangelica Eucalyptus</name>
            <price>1334.91</price>
            <buyer-first-name>Patricia</buyer-first-name>
            <buyer-last-name>Cooper</buyer-last-name>
        </sold-products>
        <sold-products>
            <name>Butalbital, Aspirin and Caffeine</name>
            <price>1010.98</price>
            <buyer-first-name>Rachel</buyer-first-name>
            <buyer-last-name>Johnson</buyer-last-name>
        </sold-products>
        <sold-products>
            <name>Glycopyrrolate</name>
            <price>1471.43</price>
            <buyer-last-name>Schmidt</buyer-last-name>
        </sold-products>
    </user>
    <user first-name="Jean" last-name="Henry">
        <sold-products>
            <name>Ibuprofen</name>
            <price>1088.04</price>
            <buyer-last-name>Mitchell</buyer-last-name>
        </sold-products>
        <sold-products>
            <name>IOPE SUPER VITAL</name>
            <price>824.68</price>
            <buyer-first-name>Joshua</buyer-first-name>
            <buyer-last-name>Murray</buyer-last-name>
        </sold-products>
        <sold-products>
            <name>CD CAPTURE TOTALE Triple Correcting Serum Foundation Wrinkles-Dark Spots-Radiance with sunscreen Broad Spectrum SPF 25 010</name>
            <price>77.23</price>
            <buyer-first-name>Ann</buyer-first-name>
            <buyer-last-name>Stevens</buyer-last-name>
        </sold-products>
        <sold-products>
            <name>Protonix</name>
            <price>466.70</price>
            <buyer-first-name>Thomas</buyer-first-name>
            <buyer-last-name>Snyder</buyer-last-name>
        </sold-products>
        <sold-products>
            <name>Albuterol</name>
            <price>108.95</price>
            <buyer-last-name>Cunningham</buyer-last-name>
        </sold-products>
        <sold-products>
            <name>MEDI-FIRST Non-Aspirin</name>
            <price>1301.28</price>
            <buyer-first-name>Christine</buyer-first-name>
            <buyer-last-name>Gomez</buyer-last-name>
        </sold-products>
        <sold-products>
            <name>Pioglitazone</name>
            <price>306.56</price>
            <buyer-first-name>Gloria</buyer-first-name>
            <buyer-last-name>Alexander</buyer-last-name>
        </sold-products>
    </user>
    <user first-name="Paula" last-name="Hill">
        <sold-products>
            <name>Oxygen</name>
            <price>1242.92</price>
            <buyer-first-name>Marie</buyer-first-name>
            <buyer-last-name>Williamson</buyer-last-name>
        </sold-products>
        <sold-products>
            <name>ERYTHROMYCIN Base Filmtab</name>
            <price>117.84</price>
            <buyer-first-name>Diana</buyer-first-name>
            <buyer-last-name>Harvey</buyer-last-name>
        </sold-products>
    </user>
    <user first-name="Rachel" last-name="Johnson">
        <sold-products>
            <name>Megestrol Acetate</name>
            <price>976.15</price>
            <buyer-last-name>Peterson</buyer-last-name>
        </sold-products>
        <sold-products>
            <name>Strattera</name>
            <price>658.54</price>
            <buyer-last-name>Cunningham</buyer-last-name>
        </sold-products>
    </user>
    <user first-name="Patrick" last-name="King">
        <sold-products>
            <name>GOONG SECRET CALMING BATH</name>
            <price>742.47</price>
            <buyer-first-name>Diana</buyer-first-name>
            <buyer-last-name>Harvey</buyer-last-name>
        </sold-products>
        <sold-products>
            <name>ESIKA 3-IN-1 PRO MAKE UP FOUNDATION SPF 20 BASE DE MAQUILLAJE PARA ROSTRO 3-EN-1 PRO FPS 20</name>
            <price>1097.60</price>
            <buyer-last-name>Schmidt</buyer-last-name>
        </sold-products>
        <sold-products>
            <name>Dover Aminophen</name>
            <price>192.07</price>
            <buyer-first-name>Amanda</buyer-first-name>
            <buyer-last-name>Frazier</buyer-last-name>
        </sold-products>
    </user>
    <user last-name="Lawson">
        <sold-products>
            <name>Air</name>
            <price>331.53</price>
            <buyer-first-name>Emily</buyer-first-name>
            <buyer-last-name>Parker</buyer-last-name>
        </sold-products>
        <sold-products>
            <name>U-max Multi BB</name>
            <price>137.16</price>
            <buyer-first-name>Fred</buyer-first-name>
            <buyer-last-name>Barnes</buyer-last-name>
        </sold-products>
    </user>
    <user first-name="Betty" last-name="Lawson">
        <sold-products>
            <name>Fluoxetine</name>
            <price>385.37</price>
            <buyer-first-name>Brandon</buyer-first-name>
            <buyer-last-name>Fuller</buyer-last-name>
        </sold-products>
    </user>
    <user first-name="Nicole" last-name="Martinez">
        <sold-products>
            <name>pain relief</name>
            <price>938.23</price>
            <buyer-first-name>Kathy</buyer-first-name>
            <buyer-last-name>Gilbert</buyer-last-name>
        </sold-products>
        <sold-products>
            <name>Amitiza</name>
            <price>666.58</price>
            <buyer-first-name>Jeremy</buyer-first-name>
            <buyer-last-name>Woods</buyer-last-name>
        </sold-products>
    </user>
    <user last-name="Mitchell">
        <sold-products>
            <name>H-Rosacea Formula</name>
            <price>99.74</price>
            <buyer-first-name>Nicole</buyer-first-name>
            <buyer-last-name>Martinez</buyer-last-name>
        </sold-products>
        <sold-products>
            <name>Propranolol Hydrochloride</name>
            <price>546.95</price>
            <buyer-first-name>Jonathan</buyer-first-name>
            <buyer-last-name>Rodriguez</buyer-last-name>
        </sold-products>
        <sold-products>
            <name>Alternaria alternata</name>
            <price>61.24</price>
            <buyer-last-name>Lawson</buyer-last-name>
        </sold-products>
        <sold-products>
            <name>Triamterene and Hydrochlorothiazide</name>
            <price>1416.59</price>
            <buyer-first-name>Fred</buyer-first-name>
            <buyer-last-name>Allen</buyer-last-name>
        </sold-products>
    </user>
    <user first-name="Chris" last-name="Mitchell">
        <sold-products>
            <name>Gilotrif</name>
            <price>1454.77</price>
            <buyer-first-name>Gloria</buyer-first-name>
            <buyer-last-name>Alexander</buyer-last-name>
        </sold-products>
    </user>
    <user last-name="Moreno">
        <sold-products>
            <name>DIPYRIDAMOLE</name>
            <price>1150.67</price>
            <buyer-first-name>Paula</buyer-first-name>
            <buyer-last-name>Hill</buyer-last-name>
        </sold-products>
        <sold-products>
            <name>TRAMADOL HYDROCHLORIDE</name>
            <price>516.48</price>
            <buyer-first-name>Gloria</buyer-first-name>
            <buyer-last-name>Alexander</buyer-last-name>
        </sold-products>
        <sold-products>
            <name>Clearskin</name>
            <price>968.59</price>
            <buyer-last-name>Baker</buyer-last-name>
        </sold-products>
    </user>
    <user first-name="Joshua" last-name="Murray">
        <sold-products>
            <name>Nighttime Sleep Aid</name>
            <price>1217.11</price>
            <buyer-last-name>Thompson</buyer-last-name>
        </sold-products>
    </user>
    <user first-name="Anna" last-name="Parker">
        <sold-products>
            <name>allergy eye</name>
            <price>426.91</price>
            <buyer-first-name>Rachel</buyer-first-name>
            <buyer-last-name>Johnson</buyer-last-name>
        </sold-products>
    </user>
    <user first-name="Billy" last-name="Parker">
        <sold-products>
            <name>ENALAPRIL MALEATE</name>
            <price>210.42</price>
            <buyer-first-name>Amanda</buyer-first-name>
            <buyer-last-name>Frazier</buyer-last-name>
        </sold-products>
        <sold-products>
            <name>AIR</name>
            <price>581.69</price>
            <buyer-first-name>Nicole</buyer-first-name>
            <buyer-last-name>Harris</buyer-last-name>
        </sold-products>
        <sold-products>
            <name>Cold and Cough</name>
            <price>218.14</price>
            <buyer-first-name>Fred</buyer-first-name>
            <buyer-last-name>Barnes</buyer-last-name>
        </sold-products>
        <sold-products>
            <name>Americaine</name>
            <price>1165.75</price>
            <buyer-first-name>Brenda</buyer-first-name>
            <buyer-last-name>Howell</buyer-last-name>
        </sold-products>
    </user>
    <user first-name="Christina" last-name="Patterson">
        <sold-products>
            <name>olio activ mouthwash</name>
            <price>206.06</price>
            <buyer-last-name>Stewart</buyer-last-name>
        </sold-products>
        <sold-products>
            <name>ANXIETY/STRESS RELIEF</name>
            <price>324.66</price>
            <buyer-first-name>Brenda</buyer-first-name>
            <buyer-last-name>Howell</buyer-last-name>
        </sold-products>
        <sold-products>
            <name>Treatment Set TS336667</name>
            <price>1466.47</price>
            <buyer-first-name>Joshua</buyer-first-name>
            <buyer-last-name>Murray</buyer-last-name>
        </sold-products>
        <sold-products>
            <name>Ampicillin</name>
            <price>674.63</price>
            <buyer-last-name>Harrison</buyer-last-name>
        </sold-products>
    </user>
    <user first-name="Jacqueline" last-name="Perez">
        <sold-products>
            <name>Ringers</name>
            <price>1054.37</price>
            <buyer-first-name>Sandra</buyer-first-name>
            <buyer-last-name>Riley</buyer-last-name>
        </sold-products>
        <sold-products>
            <name>Pollens - Trees, Birch Mix</name>
            <price>1153.54</price>
            <buyer-last-name>Thompson</buyer-last-name>
        </sold-products>
        <sold-products>
            <name>ROPINIROLE HYDROCHLORIDE</name>
            <price>266.44</price>
            <buyer-first-name>Fred</buyer-first-name>
            <buyer-last-name>Barnes</buyer-last-name>
        </sold-products>
    </user>
    <user last-name="Peterson">
        <sold-products>
            <name>CHAMOMILLA</name>
            <price>37.97</price>
            <buyer-last-name>Lawson</buyer-last-name>
        </sold-products>
        <sold-products>
            <name>Fexofenadine HCl and Pseudoephedrine HCI</name>
            <price>73.07</price>
            <buyer-first-name>Brenda</buyer-first-name>
            <buyer-last-name>Howell</buyer-last-name>
        </sold-products>
        <sold-products>
            <name>Aspen</name>
            <price>1046.46</price>
            <buyer-last-name>Stewart</buyer-last-name>
        </sold-products>
    </user>
    <user first-name="Arthur" last-name="Reynolds">
        <sold-products>
            <name>Buprenorphine hydrochloride</name>
            <price>391.05</price>
            <buyer-first-name>Jonathan</buyer-first-name>
            <buyer-last-name>Rodriguez</buyer-last-name>
        </sold-products>
        <sold-products>
            <name>TYLENOL COLD MULTI-SYMPTOM DAYTIME</name>
            <price>1010.81</price>
            <buyer-last-name>Peterson</buyer-last-name>
        </sold-products>
        <sold-products>
            <name>IOPE RETIGEN MOISTURE TWIN CAKE NO.21</name>
            <price>1257.71</price>
            <buyer-first-name>Jeremy</buyer-first-name>
            <buyer-last-name>Woods</buyer-last-name>
        </sold-products>
    </user>
    <user first-name="Jennifer" last-name="Riley">
        <sold-products>
            <name>Wintergreen Isopropyl Alcohol</name>
            <price>1397.57</price>
            <buyer-first-name>Thomas</buyer-first-name>
            <buyer-last-name>Snyder</buyer-last-name>
        </sold-products>
        <sold-products>
            <name>LBEL Couleur Luxe Rouge Amplifier XP amplifying SPF 15</name>
            <price>1069.43</price>
            <buyer-first-name>Benjamin</buyer-first-name>
            <buyer-last-name>Henry</buyer-last-name>
        </sold-products>
        <sold-products>
            <name>Metaxalone</name>
            <price>79.94</price>
            <buyer-first-name>Betty</buyer-first-name>
            <buyer-last-name>Lawson</buyer-last-name>
        </sold-products>
    </user>
    <user first-name="Sandra" last-name="Riley">
        <sold-products>
            <name>Trihexyphenidyl Hydrochloride</name>
            <price>64.88</price>
            <buyer-first-name>Brenda</buyer-first-name>
            <buyer-last-name>Howell</buyer-last-name>
        </sold-products>
        <sold-products>
            <name>Pleo Lat</name>
            <price>720.08</price>
            <buyer-first-name>Anna</buyer-first-name>
            <buyer-last-name>Parker</buyer-last-name>
        </sold-products>
        <sold-products>
            <name>BareMinerals Golden Tan matte</name>
            <price>110.93</price>
            <buyer-first-name>Betty</buyer-first-name>
            <buyer-last-name>Ward</buyer-last-name>
        </sold-products>
        <sold-products>
            <name>Homeopathic Rheumatism</name>
            <price>967.08</price>
            <buyer-first-name>Joshua</buyer-first-name>
            <buyer-last-name>Murray</buyer-last-name>
        </sold-products>
    </user>
    <user first-name="Jonathan" last-name="Rodriguez">
        <sold-products>
            <name>ziprasidone hydrochloride</name>
            <price>628.66</price>
            <buyer-first-name>Wanda</buyer-first-name>
            <buyer-last-name>Harris</buyer-last-name>
        </sold-products>
        <sold-products>
            <name>Dawn Ultra Antibacterial Hand</name>
            <price>969.86</price>
            <buyer-last-name>Lawson</buyer-last-name>
        </sold-products>
    </user>
    <user last-name="Schmidt">
        <sold-products>
            <name>Topical 60 Sec Sodium Fluoride</name>
            <price>1228.84</price>
            <buyer-first-name>Benjamin</buyer-first-name>
            <buyer-last-name>Henry</buyer-last-name>
        </sold-products>
        <sold-products>
            <name>Spironolactone</name>
            <price>933.69</price>
            <buyer-first-name>Gloria</buyer-first-name>
            <buyer-last-name>Alexander</buyer-last-name>
        </sold-products>
    </user>
    <user first-name="Thomas" last-name="Snyder">
        <sold-products>
            <name>Flumazenil</name>
            <price>1151.37</price>
            <buyer-first-name>Patrick</buyer-first-name>
            <buyer-last-name>King</buyer-last-name>
        </sold-products>
    </user>
    <user first-name="Ann" last-name="Stevens">
        <sold-products>
            <name>Fosphenytoin Sodium</name>
            <price>1334.06</price>
            <buyer-first-name>Betty</buyer-first-name>
            <buyer-last-name>Lawson</buyer-last-name>
        </sold-products>
        <sold-products>
            <name>Laser Block 100</name>
            <price>1135.43</price>
            <buyer-last-name>Stewart</buyer-last-name>
        </sold-products>
        <sold-products>
            <name>Acid Reducer</name>
            <price>1443.51</price>
            <buyer-last-name>Lawson</buyer-last-name>
        </sold-products>
        <sold-products>
            <name>Aspirin</name>
            <price>925.45</price>
            <buyer-first-name>Sarah</buyer-first-name>
            <buyer-last-name>Day</buyer-last-name>
        </sold-products>
    </user>
    <user first-name="Gary" last-name="Stevens">
        <sold-products>
            <name>Alcohol Free Antiseptic</name>
            <price>1486.07</price>
            <buyer-first-name>Fred</buyer-first-name>
            <buyer-last-name>Allen</buyer-last-name>
        </sold-products>
        <sold-products>
            <name>Ketorolac Tromethamine</name>
            <price>608.18</price>
            <buyer-last-name>Thompson</buyer-last-name>
        </sold-products>
    </user>
    <user last-name="Stewart">
        <sold-products>
            <name>Acnezzol Base</name>
            <price>710.60</price>
            <buyer-first-name>Clarence</buyer-first-name>
            <buyer-last-name>Fowler</buyer-last-name>
        </sold-products>
        <sold-products>
            <name>Metoprolol Tartrate</name>
            <price>1405.74</price>
            <buyer-first-name>Eugene</buyer-first-name>
            <buyer-last-name>Stewart</buyer-last-name>
        </sold-products>
        <sold-products>
            <name>CALMING DIAPER RASH</name>
            <price>700.92</price>
            <buyer-first-name>Jacqueline</buyer-first-name>
            <buyer-last-name>Perez</buyer-last-name>
        </sold-products>
    </user>
    <user first-name="Eugene" last-name="Stewart">
        <sold-products>
            <name>Glyburide</name>
            <price>95.10</price>
            <buyer-first-name>Fred</buyer-first-name>
            <buyer-last-name>Allen</buyer-last-name>
        </sold-products>
        <sold-products>
            <name>equaline</name>
            <price>520.45</price>
            <buyer-last-name>Peterson</buyer-last-name>
        </sold-products>
    </user>
    <user last-name="Thompson">
        <sold-products>
            <name>Allopurinol</name>
            <price>518.50</price>
            <buyer-first-name>Jonathan</buyer-first-name>
            <buyer-last-name>Rodriguez</buyer-last-name>
        </sold-products>
    </user>
    <user first-name="Betty" last-name="Ward">
        <sold-products>
            <name>Almond</name>
            <price>367.32</price>
            <buyer-last-name>Schmidt</buyer-last-name>
        </sold-products>
        <sold-products>
            <name>ISOPROPYL ALCOHOL</name>
            <price>339.48</price>
            <buyer-first-name>Sarah</buyer-first-name>
            <buyer-last-name>Day</buyer-last-name>
        </sold-products>
        <sold-products>
            <name>MOIST MOISTURE SKIN TONER</name>
            <price>152.43</price>
            <buyer-first-name>Rachel</buyer-first-name>
            <buyer-last-name>Johnson</buyer-last-name>
        </sold-products>
        <sold-products>
            <name>CEDAX</name>
            <price>342.86</price>
            <buyer-first-name>Arthur</buyer-first-name>
            <buyer-last-name>Reynolds</buyer-last-name>
        </sold-products>
        <sold-products>
            <name>Pollens - Weeds and Garden Plants, Scotch Broom Cytisus scoparius</name>
            <price>135.82</price>
            <buyer-first-name>Amanda</buyer-first-name>
            <buyer-last-name>Frazier</buyer-last-name>
        </sold-products>
    </user>
    <user first-name="Marie" last-name="Williamson">
        <sold-products>
            <name>Stila Hydrating Primer Oil-Free SPF 30</name>
            <price>179.28</price>
            <buyer-first-name>Gary</buyer-first-name>
            <buyer-last-name>Stevens</buyer-last-name>
        </sold-products>
        <sold-products>
            <name>VITALUMIERE AQUA</name>
            <price>1293.09</price>
            <buyer-first-name>Arthur</buyer-first-name>
            <buyer-last-name>Reynolds</buyer-last-name>
        </sold-products>
        <sold-products>
            <name>SUMATRIPTAN SUCCINATE</name>
            <price>1265.94</price>
            <buyer-first-name>Sandra</buyer-first-name>
            <buyer-last-name>Riley</buyer-last-name>
        </sold-products>
    </user>
</users>
